dt,x,y,position,velocity,acceleration,jerk,heading
0.010000,0.000000,22.999700,0.000030,0.005970,0.597015,59.701493,0.000000
0.010000,0.000000,22.999700,0.000030,0.000000,-0.597015,-119.402985,0.000000
0.010000,0.000248,22.999700,0.000278,0.024791,2.479104,307.611940,0.000000
0.010000,0.000726,22.999700,0.000755,0.047761,2.297015,-18.208955,0.000000
0.010000,0.001472,22.999700,0.001502,0.074627,2.686567,38.955224,0.000000
0.010000,0.002517,22.999700,0.002546,0.104478,2.985075,29.850746,0.000000
0.010000,0.003860,22.999700,0.003890,0.134328,2.985075,0.000000,0.000000
0.010000,0.005502,22.999700,0.005531,0.164179,2.985075,-0.000000,0.000000
0.010000,0.007442,22.999700,0.007472,0.194030,2.985075,0.000000,0.000000
0.010000,0.009681,22.999700,0.009711,0.223881,2.985075,-0.000000,0.000000
0.010000,0.012218,22.999700,0.012248,0.253731,2.985075,0.000000,0.000000
0.010000,0.015054,22.999700,0.015084,0.283582,2.985075,-0.000000,0.000000
0.010000,0.018188,22.999700,0.018218,0.313433,2.985075,0.000000,0.000000
0.010000,0.021621,22.999700,0.021651,0.343284,2.985075,0.000000,0.000000
0.010000,0.025352,22.999700,0.025382,0.373134,2.985075,-0.000000,0.000000
0.010000,0.029382,22.999700,0.029412,0.402985,2.985075,0.000000,0.000000
0.010000,0.033711,22.999700,0.033740,0.432836,2.985075,0.000000,0.000000
0.010000,0.038337,22.999700,0.038367,0.462687,2.985075,-0.000000,0.000000
0.010000,0.043263,22.999700,0.043293,0.492537,2.985075,0.000000,0.000000
0.010000,0.048487,22.999700,0.048517,0.522388,2.985075,-0.000000,0.000000
0.010000,0.054009,22.999700,0.054039,0.552239,2.985075,0.000000,0.000000
0.010000,0.059830,22.999700,0.059860,0.582090,2.985075,-0.000000,0.000000
0.010000,0.065949,22.999700,0.065979,0.611940,2.985075,0.000000,0.000000
0.010000,0.072367,22.999700,0.072397,0.641791,2.985075,0.000000,0.000000
0.010000,0.079084,22.999700,0.079114,0.671642,2.985075,-0.000000,0.000000
0.010000,0.086099,22.999700,0.086129,0.701493,2.985075,-0.000000,0.000000
0.010000,0.093412,22.999700,0.093442,0.731343,2.985075,0.000000,0.000000
0.010000,0.101024,22.999700,0.101054,0.761194,2.985075,-0.000000,0.000000
0.010000,0.108934,22.999700,0.108964,0.791045,2.985075,-0.000000,0.000000
0.010000,0.117143,22.999700,0.117173,0.820896,2.985075,0.000000,0.000000
0.010000,0.125651,22.999700,0.125681,0.850746,2.985075,0.000000,0.000000
0.010000,0.134457,22.999700,0.134487,0.880597,2.985075,-0.000000,0.000000
0.010000,0.143561,22.999700,0.143591,0.910448,2.985075,0.000000,0.000000
0.010000,0.152964,22.999700,0.152994,0.940299,2.985075,0.000000,0.000000
0.010000,0.162666,22.999700,0.162696,0.970149,2.985075,0.000000,0.000000
0.010000,0.172666,22.999700,0.172696,1.000000,2.985075,-0.000000,0.000000
0.010000,0.182964,22.999700,0.182994,1.029851,2.985075,-0.000000,0.000000
0.010000,0.193561,22.999700,0.193591,1.059701,2.985075,0.000000,0.000000
0.010000,0.204457,22.999700,0.204487,1.089552,2.985075,-0.000000,0.000000
0.010000,0.215651,22.999700,0.215681,1.119403,2.985075,-0.000000,0.000000
0.010000,0.227143,22.999700,0.227173,1.149254,2.985075,0.000000,0.000000
0.010000,0.238934,22.999700,0.238964,1.179104,2.985075,-0.000000,0.000000
0.010000,0.251024,22.999700,0.251054,1.208955,2.985075,0.000000,0.000000
0.010000,0.263412,22.999700,0.263442,1.238806,2.985075,0.000000,0.000000
0.010000,0.276099,22.999700,0.276129,1.268657,2.985075,-0.000000,0.000000
0.010000,0.289084,22.999700,0.289114,1.298507,2.985075,0.000000,0.000000
0.010000,0.302367,22.999700,0.302397,1.328358,2.985075,-0.000000,0.000000
0.010000,0.315949,22.999700,0.315979,1.358209,2.985075,0.000000,0.000000
0.010000,0.329830,22.999700,0.329860,1.388060,2.985075,-0.000000,0.000000
0.010000,0.344009,22.999700,0.344039,1.417910,2.985075,0.000000,0.000000
0.010000,0.358487,22.999700,0.358517,1.447761,2.985075,-0.000000,0.000000
0.010000,0.373263,22.999700,0.373293,1.477612,2.985075,-0.000000,0.000000
0.010000,0.388337,22.999700,0.388367,1.507463,2.985075,0.000000,0.000000
0.010000,0.403711,22.999700,0.403740,1.537313,2.985075,0.000000,0.000000
0.010000,0.419382,22.999700,0.419412,1.567164,2.985075,-0.000000,0.000000
0.010000,0.435352,22.999700,0.435382,1.597015,2.985075,0.000000,0.000000
0.010000,0.451621,22.999700,0.451651,1.626866,2.985075,-0.000000,0.000000
0.010000,0.468188,22.999700,0.468218,1.656716,2.985075,0.000000,0.000000
0.010000,0.485054,22.999700,0.485084,1.686567,2.985075,0.000000,0.000000
0.010000,0.502218,22.999700,0.502248,1.716418,2.985075,0.000000,0.000000
0.010000,0.519681,22.999700,0.519711,1.746269,2.985075,-0.000000,0.000000
0.010000,0.537442,22.999700,0.537472,1.776119,2.985075,-0.000000,0.000000
0.010000,0.555502,22.999700,0.555531,1.805970,2.985075,-0.000000,0.000000
0.010000,0.573860,22.999700,0.573890,1.835821,2.985075,0.000000,0.000000
0.010000,0.592517,22.999700,0.592546,1.865672,2.985075,0.000000,0.000000
0.010000,0.611472,22.999700,0.611502,1.895522,2.985075,-0.000000,0.000000
0.010000,0.630726,22.999700,0.630755,1.925373,2.985075,0.000000,0.000000
0.010000,0.650278,22.999700,0.650308,1.955224,2.985075,0.000000,0.000000
0.010000,0.670129,22.999700,0.670158,1.985075,2.985075,-0.000000,0.000000
0.010000,0.690278,22.999700,0.690308,2.014925,2.985075,0.000000,0.000000
0.010000,0.710726,22.999700,0.710755,2.044776,2.985075,-0.000000,0.000000
0.010000,0.731472,22.999700,0.731502,2.074627,2.985075,0.000000,0.000000
0.010000,0.752517,22.999700,0.752546,2.104478,2.985075,-0.000000,0.000000
0.010000,0.773860,22.999700,0.773890,2.134328,2.985075,0.000000,0.000000
0.010000,0.795502,22.999700,0.795531,2.164179,2.985075,0.000000,0.000000
0.010000,0.817442,22.999700,0.817472,2.194030,2.985075,-0.000000,0.000000
0.010000,0.839681,22.999700,0.839711,2.223881,2.985075,0.000000,0.000000
0.010000,0.862218,22.999700,0.862248,2.253731,2.985075,-0.000000,0.000000
0.010000,0.885054,22.999700,0.885084,2.283582,2.985075,0.000000,0.000000
0.010000,0.908188,22.999700,0.908218,2.313433,2.985075,-0.000000,0.000000
0.010000,0.931621,22.999700,0.931651,2.343284,2.985075,0.000000,0.000000
0.010000,0.955352,22.999700,0.955382,2.373134,2.985075,-0.000000,0.000000
0.010000,0.979382,22.999700,0.979412,2.402985,2.985075,0.000000,0.000000
0.010000,1.003711,22.999700,1.003740,2.432836,2.985075,0.000000,0.000000
0.010000,1.028337,22.999700,1.028367,2.462687,2.985075,-0.000000,0.000000
0.010000,1.053263,22.999700,1.053293,2.492537,2.985075,0.000000,0.000000
0.010000,1.078487,22.999700,1.078517,2.522388,2.985075,0.000000,0.000000
0.010000,1.104009,22.999700,1.104039,2.552239,2.985075,-0.000000,0.000000
0.010000,1.129830,22.999700,1.129860,2.582090,2.985075,-0.000000,0.000000
0.010000,1.155949,22.999700,1.155979,2.611940,2.985075,-0.000000,0.000000
0.010000,1.182367,22.999700,1.182397,2.641791,2.985075,-0.000000,0.000000
0.010000,1.209084,22.999700,1.209114,2.671642,2.985075,0.000000,0.000000
0.010000,1.236099,22.999700,1.236129,2.701493,2.985075,-0.000000,0.000000
0.010000,1.263412,22.999700,1.263442,2.731343,2.985075,-0.000000,0.000000
0.010000,1.291024,22.999700,1.291054,2.761194,2.985075,0.000000,0.000000
0.010000,1.318934,22.999700,1.318964,2.791045,2.985075,-0.000000,0.000000
0.010000,1.347143,22.999700,1.347173,2.820896,2.985075,0.000000,0.000000
0.010000,1.375651,22.999700,1.375681,2.850746,2.985075,-0.000000,0.000000
0.010000,1.404457,22.999700,1.404487,2.880597,2.985075,0.000000,0.000000
0.010000,1.433561,22.999700,1.433591,2.910448,2.985075,-0.000000,0.000000
0.010000,1.462964,22.999700,1.462994,2.940299,2.985075,0.000000,0.000000
0.010000,1.492666,22.999700,1.492696,2.970149,2.985075,0.000000,0.000000
0.010000,1.522666,22.999700,1.522696,3.000000,2.985075,0.000000,0.000000
0.010000,1.552964,22.999700,1.552994,3.029851,2.985075,0.000000,0.000000
0.010000,1.583561,22.999700,1.583591,3.059701,2.985075,-0.000000,0.000000
0.010000,1.614457,22.999700,1.614487,3.089552,2.985075,-0.000000,0.000000
0.010000,1.645651,22.999700,1.645681,3.119403,2.985075,0.000000,0.000000
0.010000,1.677143,22.999700,1.677173,3.149254,2.985075,0.000000,0.000000
0.010000,1.708934,22.999700,1.708964,3.179104,2.985075,-0.000000,0.000000
0.010000,1.741024,22.999700,1.741054,3.208955,2.985075,-0.000000,0.000000
0.010000,1.773412,22.999700,1.773442,3.238806,2.985075,0.000000,0.000000
0.010000,1.806099,22.999700,1.806129,3.268657,2.985075,-0.000000,0.000000
0.010000,1.839084,22.999700,1.839114,3.298507,2.985075,0.000000,0.000000
0.010000,1.872367,22.999700,1.872397,3.328358,2.985075,-0.000000,0.000000
0.010000,1.905949,22.999700,1.905979,3.358209,2.985075,0.000000,0.000000
0.010000,1.939830,22.999700,1.939860,3.388060,2.985075,0.000000,0.000000
0.010000,1.974009,22.999700,1.974039,3.417910,2.985075,-0.000000,0.000000
0.010000,2.008487,22.999700,2.008517,3.447761,2.985075,0.000000,0.000000
0.010000,2.043263,22.999700,2.043293,3.477612,2.985075,-0.000000,0.000000
0.010000,2.078337,22.999700,2.078367,3.507463,2.985075,0.000000,0.000000
0.010000,2.113711,22.999700,2.113740,3.537313,2.985075,-0.000000,0.000000
0.010000,2.149382,22.999700,2.149412,3.567164,2.985075,-0.000000,0.000000
0.010000,2.185352,22.999700,2.185382,3.597015,2.985075,0.000000,0.000000
0.010000,2.221621,22.999700,2.221651,3.626866,2.985075,0.000000,0.000000
0.010000,2.258188,22.999700,2.258218,3.656716,2.985075,-0.000000,0.000000
0.010000,2.295054,22.999700,2.295084,3.686567,2.985075,0.000000,0.000000
0.010000,2.332218,22.999700,2.332248,3.716418,2.985075,-0.000000,0.000000
0.010000,2.369681,22.999700,2.369711,3.746269,2.985075,0.000000,0.000000
0.010000,2.407442,22.999700,2.407472,3.776119,2.985075,0.000000,0.000000
0.010000,2.445502,22.999700,2.445531,3.805970,2.985075,0.000000,0.000000
0.010000,2.483860,22.999700,2.483890,3.835821,2.985075,0.000000,0.000000
0.010000,2.522517,22.999700,2.522546,3.865672,2.985075,-0.000000,0.000000
0.010000,2.561472,22.999700,2.561502,3.895522,2.985075,0.000000,0.000000
0.010000,2.600726,22.999700,2.600755,3.925373,2.985075,-0.000000,0.000000
0.010000,2.640248,22.999700,2.640278,3.952239,2.686567,-29.850746,0.000000
0.010000,2.679979,22.999700,2.680009,3.973134,2.089552,-59.701493,0.000000
0.010000,2.719860,22.999700,2.719890,3.988060,1.492537,-59.701493,0.000000
0.010000,2.759830,22.999700,2.759860,3.997015,0.895522,-59.701493,0.000000
0.010000,2.799830,22.999700,2.799860,4.000000,0.298507,-59.701493,0.000000
0.010000,2.839830,22.999700,2.839860,4.000000,-0.000000,-29.850746,0.000000
0.010000,2.879830,22.999700,2.879860,4.000000,0.000000,0.000000,0.000000
0.010000,2.919830,22.999700,2.919860,4.000000,-0.000000,-0.000000,0.000000
0.010000,2.959830,22.999700,2.959860,4.000000,0.000000,0.000000,0.000000
0.010000,2.999830,22.999700,2.999860,4.000000,0.000000,-0.000000,0.000000
0.010000,3.039830,22.999700,3.039860,4.000000,0.000000,0.000000,0.000000
0.010000,3.079830,22.999700,3.079860,4.000000,-0.000000,-0.000000,0.000000
0.010000,3.119830,22.999700,3.119860,4.000000,0.000000,0.000000,0.000000
0.010000,3.159830,22.999700,3.159860,4.000000,-0.000000,-0.000000,0.000000
0.010000,3.199830,22.999700,3.199860,4.000000,0.000000,0.000000,0.000000
0.010000,3.239830,22.999700,3.239860,4.000000,-0.000000,-0.000000,0.000000
0.010000,3.279830,22.999700,3.279860,4.000000,0.000000,0.000000,0.000000
0.010000,3.319830,22.999700,3.319860,4.000000,-0.000000,-0.000000,0.000000
0.010000,3.359830,22.999700,3.359860,4.000000,0.000000,0.000000,0.000000
0.010000,3.399830,22.999700,3.399860,4.000000,-0.000000,-0.000000,0.000000
0.010000,3.439830,22.999700,3.439860,4.000000,0.000000,0.000000,0.000000
0.010000,3.479830,22.999700,3.479860,4.000000,-0.000000,-0.000000,0.000000
0.010000,3.519830,22.999700,3.519860,4.000000,0.000000,0.000000,0.000000
0.010000,3.559830,22.999700,3.559860,4.000000,-0.000000,-0.000000,0.000000
0.010000,3.599830,22.999700,3.599860,4.000000,-0.000000,0.000000,0.000000
0.010000,3.639830,22.999700,3.639860,4.000000,0.000000,0.000000,0.000000
0.010000,3.679830,22.999700,3.679860,4.000000,0.000000,0.000000,0.000000
0.010000,3.719830,22.999700,3.719860,4.000000,-0.000000,-0.000000,0.000000
0.010000,3.759830,22.999700,3.759860,4.000000,0.000000,0.000000,0.000000
0.010000,3.799830,22.999700,3.799860,4.000000,0.000000,0.000000,0.000000
0.010000,3.839830,22.999700,3.839860,4.000000,-0.000000,-0.000000,0.000000
0.010000,3.879830,22.999700,3.879860,4.000000,0.000000,0.000000,0.000000
0.010000,3.919830,22.999700,3.919860,4.000000,0.000000,0.000000,0.000000
0.010000,3.959830,22.999700,3.959860,4.000000,-0.000000,-0.000000,0.000000
0.010000,3.999830,22.999700,3.999860,4.000000,-0.000000,0.000000,0.000000
0.010000,4.039830,22.999700,4.039860,4.000000,0.000000,0.000000,0.000000
0.010000,4.079830,22.999700,4.079860,4.000000,0.000000,-0.000000,0.000000
0.010000,4.119830,22.999700,4.119860,4.000000,0.000000,0.000000,0.000000
0.010000,4.159830,22.999700,4.159860,4.000000,0.000000,0.000000,0.000000
0.010000,4.199830,22.999700,4.199860,4.000000,0.000000,0.000000,0.000000
0.010000,4.239830,22.999700,4.239860,4.000000,0.000000,0.000000,0.000000
0.010000,4.279830,22.999700,4.279860,4.000000,-0.000000,-0.000000,0.000000
0.010000,4.319830,22.999700,4.319860,4.000000,0.000000,0.000000,0.000000
0.010000,4.359830,22.999700,4.359860,4.000000,-0.000000,-0.000000,0.000000
0.010000,4.399830,22.999700,4.399860,4.000000,0.000000,0.000000,0.000000
0.010000,4.439830,22.999700,4.439860,4.000000,-0.000000,-0.000000,0.000000
0.010000,4.479830,22.999700,4.479860,4.000000,-0.000000,0.000000,0.000000
0.010000,4.519830,22.999700,4.519860,4.000000,0.000000,0.000000,0.000000
0.010000,4.559830,22.999700,4.559860,4.000000,-0.000000,-0.000000,0.000000
0.010000,4.599830,22.999700,4.599860,4.000000,0.000000,0.000000,0.000000
0.010000,4.639830,22.999700,4.639860,4.000000,-0.000000,-0.000000,0.000000
0.010000,4.679830,22.999700,4.679860,4.000000,0.000000,0.000000,0.000000
0.010000,4.719830,22.999700,4.719860,4.000000,0.000000,0.000000,0.000000
0.010000,4.759830,22.999700,4.759860,4.000000,-0.000000,-0.000000,0.000000
0.010000,4.799830,22.999700,4.799860,4.000000,-0.000000,0.000000,0.000000
0.010000,4.839830,22.999700,4.839860,4.000000,0.000000,0.000000,0.000000
0.010000,4.879830,22.999700,4.879860,4.000000,0.000000,0.000000,0.000000
0.010000,4.919830,22.999700,4.919860,4.000000,-0.000000,-0.000000,0.000000
0.010000,4.959830,22.999700,4.959860,4.000000,-0.000000,0.000000,0.000000
0.010000,4.999830,22.999700,4.999860,4.000000,0.000000,0.000000,0.000000
0.010000,5.039830,22.999700,5.039860,4.000000,0.000000,-0.000000,0.000000
0.010000,5.079830,22.999700,5.079860,4.000000,0.000000,0.000000,0.000000
0.010000,5.119830,22.999700,5.119860,4.000000,-0.000000,-0.000000,0.000000
0.010000,5.159830,22.999700,5.159860,4.000000,0.000000,0.000000,0.000000
0.010000,5.199830,22.999700,5.199860,4.000000,-0.000000,-0.000000,0.000000
0.010000,5.239830,22.999700,5.239860,4.000000,0.000000,0.000000,0.000000
0.010000,5.279830,22.999700,5.279860,4.000000,0.000000,0.000000,0.000000
0.010000,5.319830,22.999700,5.319860,4.000000,-0.000000,-0.000000,0.000000
0.010000,5.359830,22.999700,5.359860,4.000000,0.000000,0.000000,0.000000
0.010000,5.399830,22.999700,5.399860,4.000000,-0.000000,-0.000000,0.000000
0.010000,5.439830,22.999700,5.439860,4.000000,0.000000,0.000000,0.000000
0.010000,5.479830,22.999700,5.479860,4.000000,0.000000,0.000000,0.000000
0.010000,5.519830,22.999700,5.519860,4.000000,-0.000000,-0.000000,0.000000
0.010000,5.559830,22.999700,5.559860,4.000000,0.000000,0.000000,0.000000
0.010000,5.599830,22.999700,5.599860,4.000000,-0.000000,-0.000000,0.000000
0.010000,5.639830,22.999700,5.639860,4.000000,-0.000000,0.000000,0.000000
0.010000,5.679830,22.999700,5.679860,4.000000,0.000000,0.000000,0.000000
0.010000,5.719830,22.999700,5.719860,4.000000,-0.000000,-0.000000,0.000000
0.010000,5.759830,22.999700,5.759860,4.000000,0.000000,0.000000,0.000000
0.010000,5.799830,22.999700,5.799860,4.000000,-0.000000,-0.000000,0.000000
0.010000,5.839830,22.999700,5.839860,4.000000,0.000000,0.000000,0.000000
0.010000,5.879830,22.999700,5.879860,4.000000,0.000000,-0.000000,0.000000
0.010000,5.919830,22.999700,5.919860,4.000000,-0.000000,-0.000000,0.000000
0.010000,5.959830,22.999700,5.959860,4.000000,0.000000,0.000000,0.000000
0.010000,5.999830,22.999700,5.999860,4.000000,-0.000000,-0.000000,0.000000
0.010000,6.039830,22.999700,6.039860,4.000000,0.000000,0.000000,0.000000
0.010000,6.079830,22.999700,6.079860,4.000000,0.000000,-0.000000,0.000000
0.010000,6.119830,22.999700,6.119860,4.000000,-0.000000,-0.000000,0.000000
0.010000,6.159830,22.999700,6.159860,4.000000,0.000000,0.000000,0.000000
0.010000,6.199830,22.999700,6.199860,4.000000,0.000000,-0.000000,0.000000
0.010000,6.239830,22.999700,6.239860,4.000000,0.000000,0.000000,0.000000
0.010000,6.279830,22.999700,6.279860,4.000000,0.000000,0.000000,0.000000
0.010000,6.319830,22.999700,6.319860,4.000000,-0.000000,-0.000000,0.000000
0.010000,6.359830,22.999700,6.359860,4.000000,0.000000,0.000000,0.000000
0.010000,6.399830,22.999700,6.399860,4.000000,-0.000000,-0.000000,0.000000
0.010000,6.439830,22.999700,6.439860,4.000000,0.000000,0.000000,0.000000
0.010000,6.479830,22.999700,6.479860,4.000000,-0.000000,-0.000000,0.000000
0.010000,6.519830,22.999700,6.519860,4.000000,0.000000,0.000000,0.000000
0.010000,6.559830,22.999700,6.559860,4.000000,-0.000000,-0.000000,0.000000
0.010000,6.599830,22.999700,6.599860,4.000000,0.000000,0.000000,0.000000
0.010000,6.639830,22.999700,6.639860,4.000000,-0.000000,-0.000000,0.000000
0.010000,6.679830,22.999700,6.679860,4.000000,0.000000,0.000000,0.000000
0.010000,6.719830,22.999700,6.719860,4.000000,0.000000,-0.000000,0.000000
0.010000,6.759830,22.999700,6.759860,4.000000,0.000000,0.000000,0.000000
0.010000,6.799830,22.999700,6.799860,4.000000,-0.000000,-0.000000,0.000000
0.010000,6.839830,22.999700,6.839860,4.000000,-0.000000,0.000000,0.000000
0.010000,6.879830,22.999700,6.879860,4.000000,0.000000,0.000000,0.000000
0.010000,6.919830,22.999700,6.919860,4.000000,0.000000,0.000000,0.000000
0.010000,6.959830,22.999700,6.959860,4.000000,-0.000000,-0.000000,0.000000
0.010000,6.999830,22.999700,6.999860,4.000000,-0.000000,0.000000,0.000000
0.010000,7.039830,22.999700,7.039860,4.000000,0.000000,0.000000,0.000000
0.010000,7.079830,22.999700,7.079860,4.000000,0.000000,-0.000000,0.000000
0.010000,7.119830,22.999700,7.119860,4.000000,0.000000,0.000000,0.000000
0.010000,7.159830,22.999700,7.159860,4.000000,-0.000000,-0.000000,0.000000
0.010000,7.199830,22.999700,7.199860,4.000000,0.000000,0.000000,0.000000
0.010000,7.239830,22.999700,7.239860,4.000000,-0.000000,-0.000000,0.000000
0.010000,7.279830,22.999700,7.279860,4.000000,0.000000,0.000000,0.000000
0.010000,7.319830,22.999700,7.319860,4.000000,0.000000,0.000000,0.000000
0.010000,7.359830,22.999700,7.359860,4.000000,-0.000000,-0.000000,0.000000
0.010000,7.399830,22.999700,7.399860,4.000000,0.000000,0.000000,0.000000
0.010000,7.439830,22.999700,7.439860,4.000000,-0.000000,-0.000000,0.000000
0.010000,7.479830,22.999700,7.479860,4.000000,-0.000000,0.000000,0.000000
0.010000,7.519830,22.999700,7.519860,4.000000,0.000000,0.000000,0.000000
0.010000,7.559830,22.999700,7.559860,4.000000,-0.000000,-0.000000,0.000000
0.010000,7.599830,22.999700,7.599860,4.000000,0.000000,0.000000,0.000000
0.010000,7.639830,22.999700,7.639860,4.000000,-0.000000,-0.000000,0.000000
0.010000,7.679830,22.999700,7.679860,4.000000,0.000000,0.000000,0.000000
0.010000,7.719830,22.999700,7.719860,4.000000,0.000000,0.000000,0.000000
0.010000,7.759830,22.999700,7.759860,4.000000,-0.000000,-0.000000,0.000000
0.010000,7.799830,22.999700,7.799860,4.000000,0.000000,0.000000,0.000000
0.010000,7.839830,22.999700,7.839860,4.000000,-0.000000,-0.000000,0.000000
0.010000,7.879830,22.999700,7.879860,4.000000,0.000000,0.000000,0.000000
0.010000,7.919830,22.999700,7.919860,4.000000,0.000000,0.000000,0.000000
0.010000,7.959830,22.999700,7.959860,4.000000,-0.000000,-0.000000,0.000000
0.010000,7.999830,22.999700,7.999860,4.000000,0.000000,0.000000,0.000000
0.010000,8.039830,22.999700,8.039860,4.000000,0.000000,0.000000,0.000000
0.010000,8.079830,22.999700,8.079860,4.000000,-0.000000,-0.000000,0.000000
0.010000,8.119830,22.999700,8.119860,4.000000,0.000000,0.000000,0.000000
0.010000,8.159830,22.999700,8.159860,4.000000,0.000000,-0.000000,0.000000
0.010000,8.199830,22.999700,8.199860,4.000000,-0.000000,-0.000000,0.000000
0.010000,8.239830,22.999700,8.239860,4.000000,0.000000,0.000000,0.000000
0.010000,8.279830,22.999700,8.279860,4.000000,-0.000000,-0.000000,0.000000
0.010000,8.319830,22.999700,8.319860,4.000000,0.000000,0.000000,0.000000
0.010000,8.359830,22.999700,8.359860,4.000000,0.000000,0.000000,0.000000
0.010000,8.399830,22.999700,8.399860,4.000000,-0.000000,-0.000000,0.000000
0.010000,8.439830,22.999700,8.439860,4.000000,0.000000,0.000000,0.000000
0.010000,8.479830,22.999700,8.479860,4.000000,-0.000000,-0.000000,0.000000
0.010000,8.519830,22.999700,8.519860,4.000000,0.000000,0.000000,0.000000
0.010000,8.559830,22.999700,8.559860,4.000000,0.000000,-0.000000,0.000000
0.010000,8.599830,22.999700,8.599860,4.000000,0.000000,-0.000000,0.000000
0.010000,8.639830,22.999700,8.639860,4.000000,-0.000000,-0.000000,0.000000
0.010000,8.679830,22.999700,8.679860,4.000000,0.000000,0.000000,0.000000
0.010000,8.719830,22.999700,8.719860,4.000000,-0.000000,-0.000000,0.000000
0.010000,8.759830,22.999700,8.759860,4.000000,0.000000,0.000000,0.000000
0.010000,8.799830,22.999700,8.799860,4.000000,-0.000000,-0.000000,0.000000
0.010000,8.839830,22.999700,8.839860,4.000000,0.000000,0.000000,0.000000
0.010000,8.879830,22.999700,8.879860,4.000000,0.000000,0.000000,0.000000
0.010000,8.919830,22.999700,8.919860,4.000000,-0.000000,-0.000000,0.000000
0.010000,8.959830,22.999700,8.959860,4.000000,-0.000000,0.000000,0.000000
0.010000,8.999830,22.999700,8.999860,4.000000,0.000000,0.000000,0.000000
0.010000,9.039830,22.999700,9.039860,4.000000,-0.000000,-0.000000,0.000000
0.010000,9.079830,22.999700,9.079860,4.000000,0.000000,0.000000,0.000000
0.010000,9.119830,22.999700,9.119860,4.000000,0.000000,0.000000,0.000000
0.010000,9.159830,22.999700,9.159860,4.000000,-0.000000,-0.000000,0.000000
0.010000,9.199830,22.999700,9.199860,4.000000,0.000000,0.000000,0.000000
0.010000,9.239830,22.999700,9.239860,4.000000,-0.000000,-0.000000,0.000000
0.010000,9.279830,22.999700,9.279860,4.000000,0.000000,0.000000,0.000000
0.010000,9.319830,22.999700,9.319860,4.000000,-0.000000,-0.000000,0.000000
0.010000,9.359830,22.999700,9.359860,4.000000,0.000000,0.000000,0.000000
0.010000,9.399830,22.999700,9.399860,4.000000,0.000000,0.000000,0.000000
0.010000,9.439830,22.999700,9.439860,4.000000,0.000000,-0.000000,0.000000
0.010000,9.479830,22.999700,9.479860,4.000000,-0.000000,-0.000000,0.000000
0.010000,9.519830,22.999700,9.519860,4.000000,0.000000,0.000000,0.000000
0.010000,9.559830,22.999700,9.559860,4.000000,0.000000,0.000000,0.000000
0.010000,9.599830,22.999700,9.599860,4.000000,-0.000000,-0.000000,0.000000
0.010000,9.639830,22.999700,9.639860,4.000000,0.000000,0.000000,0.000000
0.010000,9.679830,22.999700,9.679860,4.000000,-0.000000,-0.000000,0.000000
0.010000,9.719830,22.999700,9.719860,4.000000,0.000000,0.000000,0.000000
0.010000,9.759830,22.999700,9.759860,4.000000,0.000000,0.000000,0.000000
0.010000,9.799830,22.999700,9.799860,4.000000,0.000000,0.000000,0.000000
0.010000,9.839830,22.999700,9.839860,4.000000,-0.000000,-0.000000,0.000000
0.010000,9.879830,22.999700,9.879860,4.000000,0.000000,0.000000,0.000000
0.010000,9.919830,22.999700,9.919860,4.000000,0.000000,0.000000,0.000000
0.010000,9.959830,22.999700,9.959860,4.000000,0.000000,0.000000,0.000000
0.010000,9.999830,22.999700,9.999860,4.000000,0.000000,0.000000,0.000000
0.010000,10.039830,22.999700,10.039860,4.000000,-0.000000,-0.000000,0.000000
0.010000,10.079830,22.999700,10.079860,4.000000,0.000000,0.000000,0.000000
0.010000,10.119830,22.999700,10.119860,4.000000,-0.000000,-0.000000,0.000000
0.010000,10.159830,22.999700,10.159860,4.000000,-0.000000,0.000000,0.000000
0.010000,10.199830,22.999700,10.199860,4.000000,0.000000,0.000000,0.000000
0.010000,10.239830,22.999700,10.239860,4.000000,-0.000000,-0.000000,0.000000
0.010000,10.279830,22.999700,10.279860,4.000000,-0.000000,0.000000,0.000000
0.010000,10.319830,22.999700,10.319860,4.000000,0.000000,0.000000,0.000000
0.010000,10.359830,22.999700,10.359860,4.000000,0.000000,0.000000,0.000000
0.010000,10.399830,22.999700,10.399860,4.000000,-0.000000,-0.000000,0.000000
0.010000,10.439830,22.999700,10.439860,4.000000,0.000000,0.000000,0.000000
0.010000,10.479830,22.999700,10.479860,4.000000,-0.000000,-0.000000,0.000000
0.010000,10.519830,22.999700,10.519860,4.000000,0.000000,0.000000,0.000000
0.010000,10.559830,22.999700,10.559860,4.000000,-0.000000,-0.000000,0.000000
0.010000,10.599830,22.999700,10.599860,4.000000,0.000000,0.000000,0.000000
0.010000,10.639830,22.999700,10.639860,4.000000,0.000000,0.000000,0.000000
0.010000,10.679830,22.999700,10.679860,4.000000,-0.000000,-0.000000,0.000000
0.010000,10.719830,22.999700,10.719860,4.000000,0.000000,0.000000,0.000000
0.010000,10.759830,22.999700,10.759860,4.000000,-0.000000,-0.000000,0.000000
0.010000,10.799830,22.999700,10.799860,4.000000,0.000000,0.000000,0.000000
0.010000,10.839830,22.999700,10.839860,4.000000,-0.000000,-0.000000,0.000000
0.010000,10.879830,22.999700,10.879860,4.000000,0.000000,0.000000,0.000000
0.010000,10.919830,22.999700,10.919860,4.000000,-0.000000,-0.000000,0.000000
0.010000,10.959830,22.999700,10.959860,4.000000,0.000000,0.000000,0.000000
0.010000,10.999830,22.999700,10.999860,4.000000,0.000000,-0.000000,0.000000
0.010000,11.039830,22.999700,11.039860,4.000000,0.000000,0.000000,0.000000
0.010000,11.079830,22.999700,11.079860,4.000000,-0.000000,-0.000000,0.000000
0.010000,11.119830,22.999700,11.119860,4.000000,0.000000,0.000000,0.000000
0.010000,11.159830,22.999700,11.159860,4.000000,0.000000,0.000000,0.000000
0.010000,11.199830,22.999700,11.199860,4.000000,0.000000,-0.000000,0.000000
0.010000,11.239830,22.999700,11.239860,4.000000,0.000000,0.000000,0.000000
0.010000,11.279830,22.999700,11.279860,4.000000,-0.000000,-0.000000,0.000000
0.010000,11.319830,22.999700,11.319860,4.000000,0.000000,0.000000,0.000000
0.010000,11.359830,22.999700,11.359860,4.000000,-0.000000,-0.000000,0.000000
0.010000,11.399830,22.999700,11.399860,4.000000,0.000000,0.000000,0.000000
0.010000,11.439830,22.999700,11.439860,4.000000,0.000000,-0.000000,0.000000
0.010000,11.479830,22.999700,11.479860,4.000000,-0.000000,-0.000000,0.000000
0.010000,11.519830,22.999700,11.519860,4.000000,0.000000,0.000000,0.000000
0.010000,11.559830,22.999700,11.559860,4.000000,0.000000,0.000000,0.000000
0.010000,11.599830,22.999700,11.599860,4.000000,0.000000,-0.000000,0.000000
0.010000,11.639830,22.999700,11.639860,4.000000,-0.000000,-0.000000,0.000000
0.010000,11.679830,22.999700,11.679860,4.000000,0.000000,0.000000,0.000000
0.010000,11.719830,22.999700,11.719860,4.000000,-0.000000,-0.000000,0.000000
0.010000,11.759830,22.999700,11.759860,4.000000,0.000000,0.000000,0.000000
0.010000,11.799830,22.999700,11.799860,4.000000,0.000000,0.000000,0.000000
0.010000,11.839830,22.999700,11.839860,4.000000,0.000000,-0.000000,0.000000
0.010000,11.879830,22.999700,11.879860,4.000000,-0.000000,-0.000000,0.000000
0.010000,11.919830,22.999700,11.919860,4.000000,0.000000,0.000000,0.000000
0.010000,11.959830,22.999700,11.959860,4.000000,0.000000,0.000000,0.000000
0.010000,11.999830,22.999700,11.999860,4.000000,0.000000,0.000000,0.000000
0.010000,12.039830,22.999700,12.039860,4.000000,0.000000,-0.000000,0.000000
0.010000,12.079830,22.999700,12.079860,4.000000,-0.000000,-0.000000,0.000000
0.010000,12.119830,22.999700,12.119860,4.000000,0.000000,0.000000,0.000000
0.010000,12.159830,22.999700,12.159860,4.000000,0.000000,-0.000000,0.000000
0.010000,12.199830,22.999700,12.199860,4.000000,-0.000000,-0.000000,0.000000
0.010000,12.239830,22.999700,12.239860,4.000000,0.000000,0.000000,0.000000
0.010000,12.279830,22.999700,12.279860,4.000000,0.000000,-0.000000,0.000000
0.010000,12.319830,22.999700,12.319860,4.000000,-0.000000,-0.000000,0.000000
0.010000,12.359830,22.999700,12.359860,4.000000,0.000000,0.000000,0.000000
0.010000,12.399830,22.999700,12.399860,4.000000,0.000000,-0.000000,0.000000
0.010000,12.439830,22.999700,12.439860,4.000000,-0.000000,-0.000000,0.000000
0.010000,12.479830,22.999700,12.479860,4.000000,0.000000,0.000000,0.000000
0.010000,12.519830,22.999700,12.519860,4.000000,-0.000000,-0.000000,0.000000
0.010000,12.559830,22.999700,12.559860,4.000000,0.000000,0.000000,0.000000
0.010000,12.599830,22.999700,12.599860,4.000000,-0.000000,-0.000000,0.000000
0.010000,12.639830,22.999700,12.639860,4.000000,-0.000000,0.000000,0.000000
0.010000,12.679830,22.999700,12.679860,4.000000,0.000000,0.000000,0.000000
0.010000,12.719830,22.999700,12.719860,4.000000,-0.000000,-0.000000,0.000000
0.010000,12.759830,22.999700,12.759860,4.000000,0.000000,0.000000,0.000000
0.010000,12.799830,22.999700,12.799860,4.000000,-0.000000,-0.000000,0.000000
0.010000,12.839830,22.999700,12.839860,4.000000,-0.000000,0.000000,0.000000
0.010000,12.879830,22.999700,12.879860,4.000000,-0.000000,0.000000,0.000000
0.010000,12.919830,22.999700,12.919860,4.000000,0.000000,0.000000,0.000000
0.010000,12.959830,22.999700,12.959860,4.000000,0.000000,-0.000000,0.000000
0.010000,12.999830,22.999700,12.999860,4.000000,0.000000,0.000000,0.000000
0.010000,13.039830,22.999700,13.039860,4.000000,-0.000000,-0.000000,0.000000
0.010000,13.079830,22.999700,13.079860,4.000000,0.000000,0.000000,0.000000
0.010000,13.119830,22.999700,13.119860,4.000000,-0.000000,-0.000000,0.000000
0.010000,13.159830,22.999700,13.159860,4.000000,0.000000,0.000000,0.000000
0.010000,13.199830,22.999700,13.199860,4.000000,0.000000,-0.000000,0.000000
0.010000,13.239830,22.999700,13.239860,4.000000,-0.000000,-0.000000,0.000000
0.010000,13.279830,22.999700,13.279860,4.000000,0.000000,0.000000,0.000000
0.010000,13.319830,22.999700,13.319860,4.000000,-0.000000,-0.000000,0.000000
0.010000,13.359830,22.999700,13.359860,4.000000,0.000000,0.000000,0.000000
0.010000,13.399830,22.999700,13.399860,4.000000,-0.000000,-0.000000,0.000000
0.010000,13.439830,22.999700,13.439860,4.000000,0.000000,0.000000,0.000000
0.010000,13.479830,22.999700,13.479860,4.000000,0.000000,0.000000,0.000000
0.010000,13.519830,22.999700,13.519860,4.000000,0.000000,0.000000,0.000000
0.010000,13.559830,22.999700,13.559860,4.000000,-0.000000,-0.000000,0.000000
0.010000,13.599830,22.999700,13.599860,4.000000,0.000000,0.000000,0.000000
0.010000,13.639830,22.999700,13.639860,4.000000,-0.000000,-0.000000,0.000000
0.010000,13.679830,22.999700,13.679860,4.000000,0.000000,0.000000,0.000000
0.010000,13.719830,22.999700,13.719860,4.000000,0.000000,0.000000,0.000000
0.010000,13.759830,22.999700,13.759860,4.000000,-0.000000,-0.000000,0.000000
0.010000,13.799830,22.999700,13.799860,4.000000,0.000000,0.000000,0.000000
0.010000,13.839830,22.999700,13.839860,4.000000,0.000000,0.000000,0.000000
0.010000,13.879830,22.999700,13.879860,4.000000,0.000000,0.000000,0.000000
0.010000,13.919830,22.999700,13.919860,4.000000,0.000000,-0.000000,0.000000
0.010000,13.959830,22.999700,13.959860,4.000000,-0.000000,-0.000000,0.000000
0.010000,13.999830,22.999700,13.999860,4.000000,0.000000,0.000000,0.000000
0.010000,14.039830,22.999700,14.039860,4.000000,0.000000,0.000000,0.000000
0.010000,14.079830,22.999700,14.079860,4.000000,0.000000,0.000000,0.000000
0.010000,14.119830,22.999700,14.119860,4.000000,0.000000,-0.000000,0.000000
0.010000,14.159830,22.999700,14.159860,4.000000,0.000000,0.000000,0.000000
0.010000,14.199830,22.999700,14.199860,4.000000,-0.000000,-0.000000,0.000000
0.010000,14.239830,22.999700,14.239860,4.000000,0.000000,0.000000,0.000000
0.010000,14.279830,22.999700,14.279860,4.000000,0.000000,0.000000,0.000000
0.010000,14.319830,22.999700,14.319860,4.000000,0.000000,0.000000,0.000000
0.010000,14.359830,22.999700,14.359860,4.000000,-0.000000,-0.000000,0.000000
0.010000,14.399830,22.999700,14.399860,4.000000,0.000000,0.000000,0.000000
0.010000,14.439830,22.999700,14.439860,4.000000,0.000000,0.000000,0.000000
0.010000,14.479830,22.999700,14.479860,4.000000,-0.000000,-0.000000,0.000000
0.010000,14.519830,22.999700,14.519860,4.000000,0.000000,0.000000,0.000000
0.010000,14.559830,22.999700,14.559860,4.000000,-0.000000,-0.000000,0.000000
0.010000,14.599830,22.999700,14.599860,4.000000,0.000000,0.000000,0.000000
0.010000,14.639830,22.999700,14.639860,4.000000,-0.000000,-0.000000,0.000000
0.010000,14.679830,22.999700,14.679860,4.000000,-0.000000,0.000000,0.000000
0.010000,14.719830,22.999700,14.719860,4.000000,0.000000,0.000000,0.000000
0.010000,14.759830,22.999700,14.759860,4.000000,-0.000000,-0.000000,0.000000
0.010000,14.799830,22.999700,14.799860,4.000000,0.000000,0.000000,0.000000
0.010000,14.839830,22.999700,14.839860,4.000000,0.000000,-0.000000,0.000000
0.010000,14.879830,22.999700,14.879860,4.000000,-0.000000,-0.000000,0.000000
0.010000,14.919830,22.999700,14.919860,4.000000,0.000000,0.000000,0.000000
0.010000,14.959830,22.999700,14.959860,4.000000,0.000000,0.000000,0.000000
0.010000,14.999830,22.999700,14.999860,4.000000,-0.000000,-0.000000,0.000000
0.010000,15.039830,22.999700,15.039860,4.000000,0.000000,0.000000,0.000000
0.010000,15.079830,22.999700,15.079860,4.000000,-0.000000,-0.000000,0.000000
0.010000,15.119830,22.999700,15.119860,4.000000,0.000000,0.000000,0.000000
0.010000,15.159830,22.999700,15.159860,4.000000,-0.000000,-0.000000,0.000000
0.010000,15.199830,22.999700,15.199860,4.000000,0.000000,0.000000,0.000000
0.010000,15.239830,22.999700,15.239860,4.000000,0.000000,0.000000,0.000000
0.010000,15.279830,22.999700,15.279860,4.000000,-0.000000,-0.000000,0.000000
0.010000,15.319830,22.999700,15.319860,4.000000,0.000000,0.000000,0.000000
0.010000,15.359830,22.999700,15.359860,4.000000,-0.000000,-0.000000,0.000000
0.010000,15.399830,22.999700,15.399860,4.000000,0.000000,0.000000,0.000000
0.010000,15.439830,22.999700,15.439860,4.000000,-0.000000,-0.000000,0.000000
0.010000,15.479830,22.999700,15.479860,4.000000,0.000000,0.000000,0.000000
0.010000,15.519830,22.999700,15.519860,4.000000,0.000000,0.000000,0.000000
0.010000,15.559830,22.999700,15.559860,4.000000,-0.000000,-0.000000,0.000000
0.010000,15.599830,22.999700,15.599860,4.000000,-0.000000,-0.000000,0.000000
0.010000,15.639830,22.999700,15.639860,4.000000,0.000000,0.000000,0.000000
0.010000,15.679830,22.999700,15.679860,4.000000,0.000000,-0.000000,0.000000
0.010000,15.719830,22.999700,15.719860,4.000000,-0.000000,-0.000000,0.000000
0.010000,15.759830,22.999700,15.759860,4.000000,0.000000,0.000000,0.000000
0.010000,15.799830,22.999700,15.799860,4.000000,-0.000000,-0.000000,0.000000
0.010000,15.839830,22.999700,15.839860,4.000000,0.000000,0.000000,0.000000
0.010000,15.879830,22.999700,15.879860,4.000000,0.000000,0.000000,0.000000
0.010000,15.919830,22.999700,15.919860,4.000000,0.000000,-0.000000,0.000000
0.010000,15.959830,22.999700,15.959860,4.000000,-0.000000,-0.000000,0.000000
0.010000,15.999830,22.999700,15.999860,4.000000,0.000000,0.000000,0.000000
0.010000,16.039830,22.999700,16.039860,4.000000,0.000000,0.000000,0.000000
0.010000,16.079830,22.999700,16.079860,4.000000,-0.000000,-0.000000,0.000000
0.010000,16.119830,22.999700,16.119860,4.000000,0.000000,0.000000,0.000000
0.010000,16.159830,22.999700,16.159860,4.000000,0.000000,0.000000,0.000000
0.010000,16.199830,22.999700,16.199860,4.000000,-0.000000,-0.000000,0.000000
0.010000,16.239830,22.999700,16.239860,4.000000,0.000000,0.000000,0.000000
0.010000,16.279830,22.999700,16.279860,4.000000,0.000000,0.000000,0.000000
0.010000,16.319830,22.999700,16.319860,4.000000,0.000000,0.000000,0.000000
0.010000,16.359830,22.999700,16.359860,4.000000,0.000000,0.000000,0.000000
0.010000,16.399830,22.999700,16.399860,4.000000,-0.000000,-0.000000,0.000000
0.010000,16.439830,22.999700,16.439860,4.000000,0.000000,0.000000,0.000000
0.010000,16.479830,22.999700,16.479860,4.000000,0.000000,0.000000,0.000000
0.010000,16.519830,22.999700,16.519860,4.000000,-0.000000,-0.000000,0.000000
0.010000,16.559830,22.999700,16.559860,4.000000,0.000000,0.000000,0.000000
0.010000,16.599830,22.999700,16.599860,4.000000,-0.000000,-0.000000,0.000000
0.010000,16.639830,22.999700,16.639860,4.000000,0.000000,0.000000,0.000000
0.010000,16.679830,22.999700,16.679860,4.000000,-0.000000,-0.000000,0.000000
0.010000,16.719830,22.999700,16.719860,4.000000,-0.000000,0.000000,0.000000
0.010000,16.759830,22.999700,16.759860,4.000000,0.000000,0.000000,0.000000
0.010000,16.799830,22.999700,16.799860,4.000000,0.000000,-0.000000,0.000000
0.010000,16.839830,22.999700,16.839860,4.000000,-0.000000,-0.000000,0.000000
0.010000,16.879830,22.999700,16.879860,4.000000,0.000000,0.000000,0.000000
0.010000,16.919830,22.999700,16.919860,4.000000,0.000000,0.000000,0.000000
0.010000,16.959830,22.999700,16.959860,4.000000,0.000000,0.000000,0.000000
0.010000,16.999830,22.999700,16.999860,4.000000,0.000000,0.000000,0.000000
0.010000,17.050121,22.999457,17.050151,5.029136,102.913638,10291.363774,6.273437
0.010000,17.100820,22.998707,17.100856,5.070491,4.135444,-9877.819406,6.263335
0.010000,17.151844,22.997430,17.151896,5.103963,3.347190,-78.825329,6.252917
0.010000,17.203199,22.995599,17.203284,5.138829,3.486586,13.939599,6.242170
0.010000,17.254895,22.993192,17.255035,5.175144,3.631541,14.495505,6.231080
0.010000,17.306937,22.990180,17.307165,5.212964,3.782048,15.050688,6.219634
0.010000,17.359334,22.986536,17.359689,5.252345,3.938040,15.599183,6.207816
0.010000,17.412092,22.982230,17.412622,5.293339,4.099383,16.134316,6.195611
0.010000,17.465217,22.977229,17.465982,5.335997,4.265857,16.647339,6.183003
0.010000,17.518715,22.971501,17.519786,5.380369,4.437148,17.129086,6.169976
0.010000,17.572591,22.965009,17.574051,5.426497,4.612816,17.566858,6.156515
0.010000,17.626847,22.957717,17.628795,5.474420,4.792289,17.947276,6.142601
0.010000,17.681487,22.949585,17.684036,5.524168,4.974836,18.254722,6.128217
0.010000,17.736511,22.940571,17.739794,5.575763,5.159531,18.469510,6.113347
0.010000,17.791919,22.930632,17.796086,5.629216,5.345247,18.571619,6.097972
0.010000,17.847707,22.919722,17.852931,5.684522,5.530608,18.536087,6.082075
0.010000,17.903871,22.907792,17.910348,5.741662,5.713973,18.336485,6.065639
0.010000,17.960402,22.894793,17.968354,5.800596,5.893400,17.942703,6.048647
0.010000,18.017288,22.880674,18.026967,5.861262,6.066620,17.322020,6.031082
0.010000,18.074515,22.865380,18.086202,5.923572,6.231016,16.439523,6.012929
0.010000,18.132064,22.848856,18.146076,5.987408,6.383595,15.257931,5.994174
0.010000,18.189911,22.831047,18.206603,6.052618,6.520985,13.738981,5.974804
0.010000,18.248027,22.811895,18.267793,6.119012,6.639430,11.844509,5.954806
0.010000,18.306376,22.791342,18.329656,6.186360,6.734802,9.537239,5.934173
0.010000,18.364919,22.769332,18.392200,6.254387,6.802644,6.784143,5.912898
0.010000,18.423608,22.745809,18.455428,6.322769,6.838211,3.556731,5.890978
0.010000,18.482388,22.720717,18.519339,6.391134,6.836568,-0.164325,5.868413
0.010000,18.541197,22.694006,18.583930,6.459061,6.792691,-4.387665,5.845206
0.010000,18.599965,22.665628,18.649191,6.526078,6.701624,-9.106710,5.821367
0.010000,18.658613,22.635539,18.715107,6.591664,6.558651,-14.297314,5.796909
0.010000,18.717058,22.603703,18.781660,6.655259,6.359504,-19.914689,5.771850
0.010000,18.775205,22.570092,18.848823,6.716265,6.100602,-25.890189,5.746216
0.010000,18.832954,22.534683,18.916563,6.774058,5.779294,-32.130814,5.720037
0.010000,18.890199,22.497465,18.984843,6.827999,5.394111,-38.518319,5.693348
0.010000,18.946829,22.458440,19.053618,6.877449,4.944998,-44.911310,5.666192
0.010000,19.002728,22.417618,19.122835,6.921784,4.433510,-51.148755,5.638619
0.010000,19.057778,22.375024,19.192440,6.960414,3.862958,-57.055244,5.610680
0.010000,19.111860,22.330695,19.262368,6.992799,3.238464,-62.449399,5.582436
0.010000,19.164857,22.284682,19.332552,7.018468,2.566937,-67.152687,5.553950
0.010000,19.216654,22.237047,19.402923,7.037037,1.856940,-70.999633,5.525288
0.010000,19.267142,22.187867,19.473405,7.048222,1.118454,-73.848601,5.496521
0.010000,19.316219,22.137228,19.543923,7.051847,0.362546,-75.590839,5.467719
0.010000,19.363791,22.085226,19.614402,7.047857,-0.399038,-76.158377,5.438955
0.010000,19.409775,22.031968,19.684765,7.036314,-1.154326,-75.528813,5.410301
0.010000,19.454099,21.977565,19.754939,7.017398,-1.891596,-73.727026,5.381824
0.010000,19.496705,21.922133,19.824853,6.991399,-2.599829,-70.823253,5.353593
0.010000,19.537546,21.865791,19.894440,6.958708,-3.269110,-66.928179,5.325671
0.010000,19.576589,21.808659,19.963638,6.919799,-3.890961,-62.185011,5.298116
0.010000,19.613813,21.750856,20.032390,6.875213,-4.458561,-56.760054,5.270981
0.010000,19.649212,21.692498,20.100646,6.825544,-4.966884,-50.832300,5.244316
0.010000,19.682788,21.633694,20.168360,6.771417,-5.412715,-44.583078,5.218161
0.010000,19.714558,21.574552,20.235495,6.713471,-5.794585,-38.187034,5.192553
0.010000,19.744544,21.515171,20.302018,6.652345,-6.112630,-31.804494,5.167523
0.010000,19.772780,21.455641,20.367905,6.588661,-6.368385,-25.575510,5.143093
0.010000,19.799305,21.396047,20.433135,6.523016,-6.564557,-19.617191,5.119283
0.010000,19.824164,21.336466,20.497694,6.455968,-6.704769,-14.021161,5.096105
0.010000,19.847408,21.276964,20.561575,6.388035,-6.793315,-8.854665,5.073569
0.010000,19.869090,21.217603,20.624772,6.319685,-6.834929,-4.161394,5.051678
0.010000,19.889266,21.158435,20.687285,6.251340,-6.834578,0.035094,5.030432
0.010000,19.907994,21.099506,20.749119,6.183367,-6.797277,3.730143,5.009827
0.010000,19.925331,21.040854,20.810280,6.116087,-6.727959,6.931752,4.989857
0.010000,19.941337,20.982512,20.870777,6.049774,-6.631351,9.660807,4.970513
0.010000,19.956070,20.924507,20.930624,5.984655,-6.511896,11.945526,4.951784
0.010000,19.969585,20.866861,20.989833,5.920918,-6.373702,13.819382,4.933656
0.010000,19.981939,20.809591,21.048420,5.858713,-6.220505,15.319737,4.916116
0.010000,19.993186,20.752711,21.106402,5.798156,-6.055655,16.485002,4.899146
0.010000,20.003378,20.696230,21.163795,5.739335,-5.882127,17.352842,4.882732
0.010000,20.012564,20.640154,21.220618,5.682310,-5.702515,17.961103,4.866856
0.010000,20.020793,20.584488,21.276889,5.627119,-5.519075,18.344055,4.851501
0.010000,20.028110,20.529232,21.332627,5.573782,-5.333729,18.534586,4.836650
0.010000,20.034559,20.474387,21.387850,5.522301,-5.148105,18.562377,4.822284
0.010000,20.040181,20.419950,21.442577,5.472665,-4.963563,18.454279,4.808386
0.010000,20.045016,20.365917,21.496825,5.424853,-4.781222,18.234069,4.794940
0.010000,20.049101,20.312284,21.550614,5.378833,-4.601992,17.922980,4.781928
0.010000,20.052471,20.259045,21.603959,5.334567,-4.426600,17.539241,4.769334
0.010000,20.055160,20.206194,21.656879,5.292011,-4.255612,17.098766,4.757142
0.010000,20.057198,20.153722,21.709391,5.251116,-4.089452,16.615988,4.745335
0.010000,20.058616,20.101623,21.761509,5.211832,-3.928439,16.101346,4.733899
0.010000,20.059441,20.049888,21.813250,5.174104,-3.772781,15.565719,4.722819
0.010000,20.059700,19.998966,21.864173,5.092274,-8.182989,-441.020786,4.712389
0.010000,20.059700,19.958966,21.904173,4.000000,-109.227413,-10104.442341,4.712389
0.010000,20.059700,19.918966,21.944173,4.000000,0.000000,10922.741272,4.712389
0.010000,20.059700,19.878966,21.984173,4.000000,0.000000,0.000000,4.712389
0.010000,20.059700,19.838966,22.024173,4.000000,0.000000,0.000000,4.712389
0.010000,20.059700,19.798966,22.064173,4.000000,-0.000000,-0.000000,4.712389
0.010000,20.059700,19.758966,22.104173,4.000000,0.000000,0.000000,4.712389
0.010000,20.059700,19.718966,22.144173,4.000000,-0.000000,-0.000000,4.712389
0.010000,20.059700,19.678966,22.184173,4.000000,0.000000,0.000000,4.712389
0.010000,20.059700,19.638966,22.224173,4.000000,-0.000000,-0.000000,4.712389
0.010000,20.059700,19.598966,22.264173,4.000000,0.000000,0.000000,4.712389
0.010000,20.059700,19.558966,22.304173,4.000000,-0.000000,-0.000000,4.712389
0.010000,20.059700,19.518966,22.344173,4.000000,-0.000000,0.000000,4.712389
0.010000,20.059700,19.478966,22.384173,4.000000,0.000000,0.000000,4.712389
0.010000,20.059700,19.438966,22.424173,4.000000,-0.000000,-0.000000,4.712389
0.010000,20.059700,19.398966,22.464173,4.000000,0.000000,0.000000,4.712389
0.010000,20.059700,19.358966,22.504173,4.000000,-0.000000,-0.000000,4.712389
0.010000,20.059700,19.318966,22.544173,4.000000,0.000000,0.000000,4.712389
0.010000,20.059700,19.278966,22.584173,4.000000,0.000000,-0.000000,4.712389
0.010000,20.059700,19.238966,22.624173,4.000000,-0.000000,-0.000000,4.712389
0.010000,20.059700,19.198966,22.664173,4.000000,0.000000,0.000000,4.712389
0.010000,20.059700,19.158966,22.704173,4.000000,0.000000,0.000000,4.712389
0.010000,20.059700,19.118966,22.744173,4.000000,0.000000,-0.000000,4.712389
0.010000,20.059700,19.078966,22.784173,4.000000,0.000000,-0.000000,4.712389
0.010000,20.059700,19.038966,22.824173,4.000000,0.000000,0.000000,4.712389
0.010000,20.059700,18.998966,22.864173,4.000000,-0.000000,-0.000000,4.712389
0.010000,20.059700,18.958966,22.904173,4.000000,0.000000,0.000000,4.712389
0.010000,20.059700,18.918966,22.944173,4.000000,-0.000000,-0.000000,4.712389
0.010000,20.059700,18.878966,22.984173,4.000000,0.000000,0.000000,4.712389
0.010000,20.059700,18.838966,23.024173,4.000000,0.000000,0.000000,4.712389
0.010000,20.059700,18.798966,23.064173,4.000000,-0.000000,-0.000000,4.712389
0.010000,20.059700,18.758966,23.104173,4.000000,0.000000,0.000000,4.712389
0.010000,20.059700,18.718966,23.144173,4.000000,0.000000,0.000000,4.712389
0.010000,20.059700,18.678966,23.184173,4.000000,-0.000000,-0.000000,4.712389
0.010000,20.059700,18.638966,23.224173,4.000000,0.000000,0.000000,4.712389
0.010000,20.059700,18.598966,23.264173,4.000000,-0.000000,-0.000000,4.712389
0.010000,20.059700,18.558966,23.304173,4.000000,0.000000,0.000000,4.712389
0.010000,20.059700,18.518966,23.344173,4.000000,0.000000,0.000000,4.712389
0.010000,20.059700,18.478966,23.384173,4.000000,-0.000000,-0.000000,4.712389
0.010000,20.059700,18.438966,23.424173,4.000000,0.000000,0.000000,4.712389
0.010000,20.059700,18.398966,23.464173,4.000000,0.000000,0.000000,4.712389
0.010000,20.059700,18.358966,23.504173,4.000000,-0.000000,-0.000000,4.712389
0.010000,20.059700,18.318966,23.544173,4.000000,-0.000000,-0.000000,4.712389
0.010000,20.059700,18.278966,23.584173,4.000000,0.000000,0.000000,4.712389
0.010000,20.059700,18.238966,23.624173,4.000000,0.000000,-0.000000,4.712389
0.010000,20.059700,18.198966,23.664173,4.000000,0.000000,0.000000,4.712389
0.010000,20.059700,18.158966,23.704173,4.000000,-0.000000,-0.000000,4.712389
0.010000,20.059700,18.118966,23.744173,4.000000,0.000000,0.000000,4.712389
0.010000,20.059700,18.078966,23.784173,4.000000,0.000000,-0.000000,4.712389
0.010000,20.059700,18.038966,23.824173,4.000000,0.000000,0.000000,4.712389
0.010000,20.059700,17.998966,23.864173,4.000000,-0.000000,-0.000000,4.712389
0.010000,20.059700,17.958966,23.904173,4.000000,0.000000,0.000000,4.712389
0.010000,20.059700,17.918966,23.944173,4.000000,0.000000,-0.000000,4.712389
0.010000,20.059700,17.878966,23.984173,4.000000,0.000000,0.000000,4.712389
0.010000,20.059700,17.838966,24.024173,4.000000,-0.000000,-0.000000,4.712389
0.010000,20.059700,17.798966,24.064173,4.000000,0.000000,0.000000,4.712389
0.010000,20.059700,17.758966,24.104173,4.000000,0.000000,-0.000000,4.712389
0.010000,20.059700,17.718966,24.144173,4.000000,0.000000,0.000000,4.712389
0.010000,20.059700,17.678966,24.184173,4.000000,-0.000000,-0.000000,4.712389
0.010000,20.059700,17.638966,24.224173,4.000000,0.000000,0.000000,4.712389
0.010000,20.059700,17.598966,24.264173,4.000000,0.000000,-0.000000,4.712389
0.010000,20.059700,17.558966,24.304173,4.000000,-0.000000,-0.000000,4.712389
0.010000,20.059700,17.518966,24.344173,4.000000,0.000000,0.000000,4.712389
0.010000,20.059700,17.478966,24.384173,4.000000,0.000000,-0.000000,4.712389
0.010000,20.059700,17.438966,24.424173,4.000000,0.000000,0.000000,4.712389
0.010000,20.059700,17.398966,24.464173,4.000000,0.000000,0.000000,4.712389
0.010000,20.059700,17.358966,24.504173,4.000000,-0.000000,-0.000000,4.712389
0.010000,20.059700,17.318966,24.544173,4.000000,0.000000,0.000000,4.712389
0.010000,20.059700,17.278966,24.584173,4.000000,0.000000,-0.000000,4.712389
0.010000,20.059700,17.238966,24.624173,4.000000,-0.000000,-0.000000,4.712389
0.010000,20.059700,17.198966,24.664173,4.000000,0.000000,0.000000,4.712389
0.010000,20.059700,17.158966,24.704173,4.000000,0.000000,-0.000000,4.712389
0.010000,20.059700,17.118966,24.744173,4.000000,0.000000,0.000000,4.712389
0.010000,20.059700,17.078966,24.784173,4.000000,-0.000000,-0.000000,4.712389
0.010000,20.059700,17.038966,24.824173,4.000000,0.000000,0.000000,4.712389
0.010000,20.059700,16.998966,24.864173,4.000000,0.000000,-0.000000,4.712389
0.010000,20.059700,16.958966,24.904173,4.000000,0.000000,0.000000,4.712389
0.010000,20.059700,16.918966,24.944173,4.000000,-0.000000,-0.000000,4.712389
0.010000,20.059700,16.878966,24.984173,4.000000,0.000000,0.000000,4.712389
0.010000,20.059700,16.838966,25.024173,4.000000,0.000000,-0.000000,4.712389
0.010000,20.059700,16.798966,25.064173,4.000000,-0.000000,-0.000000,4.712389
0.010000,20.059700,16.758966,25.104173,4.000000,0.000000,0.000000,4.712389
0.010000,20.059700,16.718966,25.144173,4.000000,0.000000,-0.000000,4.712389
0.010000,20.059700,16.678966,25.184173,4.000000,0.000000,0.000000,4.712389
0.010000,20.059700,16.638966,25.224173,4.000000,0.000000,0.000000,4.712389
0.010000,20.059700,16.598966,25.264173,4.000000,-0.000000,-0.000000,4.712389
0.010000,20.059700,16.558966,25.304173,4.000000,0.000000,0.000000,4.712389
0.010000,20.059700,16.518966,25.344173,4.000000,0.000000,-0.000000,4.712389
0.010000,20.059700,16.478966,25.384173,4.000000,-0.000000,-0.000000,4.712389
0.010000,20.059700,16.438966,25.424173,4.000000,0.000000,0.000000,4.712389
0.010000,20.059700,16.398966,25.464173,4.000000,0.000000,-0.000000,4.712389
0.010000,20.059700,16.358966,25.504173,4.000000,0.000000,0.000000,4.712389
0.010000,20.059700,16.318966,25.544173,4.000000,0.000000,0.000000,4.712389
0.010000,20.059700,16.278966,25.584173,4.000000,-0.000000,-0.000000,4.712389
0.010000,20.059700,16.238966,25.624173,4.000000,0.000000,0.000000,4.712389
0.010000,20.059700,16.198966,25.664173,4.000000,0.000000,-0.000000,4.712389
0.010000,20.059700,16.158966,25.704173,4.000000,-0.000000,-0.000000,4.712389
0.010000,20.059700,16.118966,25.744173,4.000000,0.000000,0.000000,4.712389
0.010000,20.059700,16.078966,25.784173,4.000000,0.000000,-0.000000,4.712389
0.010000,20.059700,16.038966,25.824173,4.000000,0.000000,0.000000,4.712389
0.010000,20.059700,15.998966,25.864173,4.000000,-0.000000,-0.000000,4.712389
0.010000,20.059700,15.958966,25.904173,4.000000,0.000000,0.000000,4.712389
0.010000,20.059700,15.918966,25.944173,4.000000,0.000000,-0.000000,4.712389
0.010000,20.059700,15.878966,25.984173,4.000000,0.000000,0.000000,4.712389
0.010000,20.059700,15.838966,26.024173,4.000000,-0.000000,-0.000000,4.712389
0.010000,20.059700,15.798966,26.064173,4.000000,0.000000,0.000000,4.712389
0.010000,20.059700,15.758966,26.104173,4.000000,0.000000,-0.000000,4.712389
0.010000,20.059700,15.718966,26.144173,4.000000,0.000000,0.000000,4.712389
0.010000,20.059700,15.678966,26.184173,4.000000,-0.000000,-0.000000,4.712389
0.010000,20.059700,15.638966,26.224173,4.000000,0.000000,0.000000,4.712389
0.010000,20.059700,15.598966,26.264173,4.000000,0.000000,-0.000000,4.712389
0.010000,20.059700,15.558966,26.304173,4.000000,-0.000000,-0.000000,4.712389
0.010000,20.059700,15.518966,26.344173,4.000000,0.000000,0.000000,4.712389
0.010000,20.059700,15.478966,26.384173,4.000000,-0.000000,-0.000000,4.712389
0.010000,20.059700,15.438966,26.424173,4.000000,0.000000,0.000000,4.712389
0.010000,20.059700,15.398966,26.464173,4.000000,-0.000000,-0.000000,4.712389
0.010000,20.059700,15.358966,26.504173,4.000000,0.000000,0.000000,4.712389
0.010000,20.059700,15.318966,26.544173,4.000000,0.000000,0.000000,4.712389
0.010000,20.059700,15.278966,26.584173,4.000000,-0.000000,-0.000000,4.712389
0.010000,20.059700,15.238966,26.624173,4.000000,0.000000,0.000000,4.712389
0.010000,20.059700,15.198966,26.664173,4.000000,-0.000000,-0.000000,4.712389
0.010000,20.059700,15.158966,26.704173,4.000000,0.000000,0.000000,4.712389
0.010000,20.059700,15.118966,26.744173,4.000000,0.000000,-0.000000,4.712389
0.010000,20.059700,15.078966,26.784173,4.000000,-0.000000,-0.000000,4.712389
0.010000,20.059700,15.038966,26.824173,4.000000,0.000000,0.000000,4.712389
0.010000,20.059700,14.998966,26.864173,4.000000,0.000000,-0.000000,4.712389
0.010000,20.059700,14.958966,26.904173,4.000000,-0.000000,-0.000000,4.712389
0.010000,20.059700,14.918966,26.944173,4.000000,0.000000,0.000000,4.712389
0.010000,20.059700,14.878966,26.984173,4.000000,0.000000,0.000000,4.712389
0.010000,20.059700,14.838966,27.024173,4.000000,0.000000,-0.000000,4.712389
0.010000,20.059700,14.798966,27.064173,4.000000,0.000000,0.000000,4.712389
0.010000,20.059700,14.758966,27.104173,4.000000,-0.000000,-0.000000,4.712389
0.010000,20.059700,14.718966,27.144173,4.000000,0.000000,0.000000,4.712389
0.010000,20.059700,14.678966,27.184173,4.000000,0.000000,-0.000000,4.712389
0.010000,20.059700,14.638966,27.224173,4.000000,-0.000000,-0.000000,4.712389
0.010000,20.059700,14.598966,27.264173,4.000000,0.000000,0.000000,4.712389
0.010000,20.059700,14.558966,27.304173,4.000000,0.000000,0.000000,4.712389
0.010000,20.059700,14.518966,27.344173,4.000000,0.000000,-0.000000,4.712389
0.010000,20.059700,14.478966,27.384173,4.000000,0.000000,0.000000,4.712389
0.010000,20.059700,14.438966,27.424173,4.000000,-0.000000,-0.000000,4.712389
0.010000,20.059700,14.398966,27.464173,4.000000,0.000000,0.000000,4.712389
0.010000,20.059700,14.358966,27.504173,4.000000,-0.000000,-0.000000,4.712389
0.010000,20.059700,14.318966,27.544173,4.000000,0.000000,0.000000,4.712389
0.010000,20.059700,14.278966,27.584173,4.000000,0.000000,-0.000000,4.712389
0.010000,20.059700,14.238966,27.624173,4.000000,-0.000000,-0.000000,4.712389
0.010000,20.059700,14.198966,27.664173,4.000000,0.000000,0.000000,4.712389
0.010000,20.059700,14.158966,27.704173,4.000000,-0.000000,-0.000000,4.712389
0.010000,20.059700,14.118966,27.744173,4.000000,0.000000,0.000000,4.712389
0.010000,20.059700,14.078966,27.784173,4.000000,0.000000,0.000000,4.712389
0.010000,20.059700,14.038966,27.824173,4.000000,-0.000000,-0.000000,4.712389
0.010000,20.059700,13.998966,27.864173,4.000000,0.000000,0.000000,4.712389
0.010000,20.059700,13.958966,27.904173,4.000000,0.000000,0.000000,4.712389
0.010000,20.059700,13.918966,27.944173,4.000000,0.000000,-0.000000,4.712389
0.010000,20.059700,13.878966,27.984173,4.000000,-0.000000,-0.000000,4.712389
0.010000,20.059700,13.838966,28.024173,4.000000,0.000000,0.000000,4.712389
0.010000,20.059700,13.798966,28.064173,4.000000,0.000000,0.000000,4.712389
0.010000,20.059700,13.758966,28.104173,4.000000,0.000000,-0.000000,4.712389
0.010000,20.059700,13.718966,28.144173,4.000000,-0.000000,-0.000000,4.712389
0.010000,20.059700,13.678966,28.184173,4.000000,0.000000,0.000000,4.712389
0.010000,20.059700,13.638966,28.224173,4.000000,0.000000,0.000000,4.712389
0.010000,20.059700,13.598966,28.264173,4.000000,0.000000,-0.000000,4.712389
0.010000,20.059700,13.558966,28.304173,4.000000,0.000000,0.000000,4.712389
0.010000,20.059700,13.518966,28.344173,4.000000,-0.000000,-0.000000,4.712389
0.010000,20.059700,13.478966,28.384173,4.000000,0.000000,0.000000,4.712389
0.010000,20.059700,13.438966,28.424173,4.000000,0.000000,-0.000000,4.712389
0.010000,20.059700,13.398966,28.464173,4.000000,0.000000,-0.000000,4.712389
0.010000,20.059700,13.358966,28.504173,4.000000,-0.000000,-0.000000,4.712389
0.010000,20.059700,13.318966,28.544173,4.000000,0.000000,0.000000,4.712389
0.010000,20.059700,13.278966,28.584173,4.000000,0.000000,0.000000,4.712389
0.010000,20.059700,13.238966,28.624173,4.000000,-0.000000,-0.000000,4.712389
0.010000,20.059700,13.198966,28.664173,4.000000,0.000000,0.000000,4.712389
0.010000,20.059700,13.158966,28.704173,4.000000,0.000000,0.000000,4.712389
0.010000,20.059700,13.118966,28.744173,4.000000,0.000000,-0.000000,4.712389
0.010000,20.059700,13.078966,28.784173,4.000000,-0.000000,-0.000000,4.712389
0.010000,20.059700,13.038966,28.824173,4.000000,0.000000,0.000000,4.712389
0.010000,20.059700,12.998966,28.864173,4.000000,-0.000000,-0.000000,4.712389
0.010000,20.059700,12.958966,28.904173,4.000000,0.000000,0.000000,4.712389
0.010000,20.059700,12.918966,28.944173,4.000000,0.000000,0.000000,4.712389
0.010000,20.059700,12.878966,28.984173,4.000000,0.000000,0.000000,4.712389
0.010000,20.059700,12.838966,29.024173,4.000000,-0.000000,-0.000000,4.712389
0.010000,20.059700,12.798966,29.064173,4.000000,0.000000,0.000000,4.712389
0.010000,20.059700,12.758966,29.104173,4.000000,0.000000,0.000000,4.712389
0.010000,20.059700,12.718966,29.144173,4.000000,-0.000000,-0.000000,4.712389
0.010000,20.059700,12.678966,29.184173,4.000000,0.000000,0.000000,4.712389
0.010000,20.059700,12.638966,29.224173,4.000000,0.000000,0.000000,4.712389
0.010000,20.059700,12.598966,29.264173,4.000000,0.000000,0.000000,4.712389
0.010000,20.059700,12.558966,29.304173,4.000000,-0.000000,-0.000000,4.712389
0.010000,20.059700,12.518966,29.344173,4.000000,0.000000,0.000000,4.712389
0.010000,20.059700,12.478966,29.384173,4.000000,0.000000,-0.000000,4.712389
0.010000,20.059700,12.438966,29.424173,4.000000,-0.000000,-0.000000,4.712389
0.010000,20.059700,12.398966,29.464173,4.000000,0.000000,0.000000,4.712389
0.010000,20.059700,12.358966,29.504173,4.000000,0.000000,0.000000,4.712389
0.010000,20.059700,12.318966,29.544173,4.000000,-0.000000,-0.000000,4.712389
0.010000,20.059700,12.278966,29.584173,4.000000,0.000000,0.000000,4.712389
0.010000,20.059700,12.238966,29.624173,4.000000,0.000000,0.000000,4.712389
0.010000,20.059700,12.198966,29.664173,4.000000,-0.000000,-0.000000,4.712389
0.010000,20.059700,12.158966,29.704173,4.000000,0.000000,0.000000,4.712389
0.010000,20.059700,12.118966,29.744173,4.000000,0.000000,0.000000,4.712389
0.010000,20.059700,12.078966,29.784173,4.000000,0.000000,0.000000,4.712389
0.010000,20.059700,12.038966,29.824173,4.000000,-0.000000,-0.000000,4.712389
0.010000,20.059700,11.998966,29.864173,4.000000,0.000000,0.000000,4.712389
0.010000,20.059700,11.958966,29.904173,4.000000,0.000000,0.000000,4.712389
0.010000,20.059700,11.918966,29.944173,4.000000,-0.000000,-0.000000,4.712389
0.010000,20.059700,11.878966,29.984173,4.000000,0.000000,0.000000,4.712389
0.010000,20.059700,11.838966,30.024173,4.000000,-0.000000,-0.000000,4.712389
0.010000,20.059700,11.798966,30.064173,4.000000,0.000000,0.000000,4.712389
0.010000,20.059700,11.758966,30.104173,4.000000,-0.000000,-0.000000,4.712389
0.010000,20.059700,11.718966,30.144173,4.000000,0.000000,0.000000,4.712389
0.010000,20.059700,11.678966,30.184173,4.000000,-0.000000,-0.000000,4.712389
0.010000,20.059700,11.638966,30.224173,4.000000,0.000000,0.000000,4.712389
0.010000,20.059700,11.598966,30.264173,4.000000,0.000000,0.000000,4.712389
0.010000,20.059700,11.558966,30.304173,4.000000,0.000000,-0.000000,4.712389
0.010000,20.059700,11.518966,30.344173,4.000000,-0.000000,-0.000000,4.712389
0.010000,20.059700,11.478966,30.384173,4.000000,0.000000,0.000000,4.712389
0.010000,20.059700,11.438966,30.424173,4.000000,0.000000,0.000000,4.712389
0.010000,20.059700,11.398966,30.464173,4.000000,-0.000000,-0.000000,4.712389
0.010000,20.059700,11.358966,30.504173,4.000000,0.000000,0.000000,4.712389
0.010000,20.059700,11.318966,30.544173,4.000000,0.000000,0.000000,4.712389
0.010000,20.059700,11.278966,30.584173,4.000000,-0.000000,-0.000000,4.712389
0.010000,20.059700,11.238966,30.624173,4.000000,0.000000,0.000000,4.712389
0.010000,20.059700,11.198966,30.664173,4.000000,0.000000,-0.000000,4.712389
0.010000,20.059700,11.158966,30.704173,4.000000,-0.000000,-0.000000,4.712389
0.010000,20.059700,11.118966,30.744173,4.000000,0.000000,0.000000,4.712389
0.010000,20.059700,11.078966,30.784173,4.000000,0.000000,0.000000,4.712389
0.010000,20.059700,11.038966,30.824173,4.000000,0.000000,-0.000000,4.712389
0.010000,20.059700,10.998966,30.864173,4.000000,-0.000000,-0.000000,4.712389
0.010000,20.059700,10.958966,30.904173,4.000000,0.000000,0.000000,4.712389
0.010000,20.059700,10.918966,30.944173,4.000000,0.000000,-0.000000,4.712389
0.010000,20.059700,10.878966,30.984173,4.000000,-0.000000,-0.000000,4.712389
0.010000,20.059700,10.838966,31.024173,4.000000,0.000000,0.000000,4.712389
0.010000,20.059700,10.798966,31.064173,4.000000,0.000000,0.000000,4.712389
0.010000,20.059700,10.758966,31.104173,4.000000,-0.000000,-0.000000,4.712389
0.010000,20.059700,10.718966,31.144173,4.000000,0.000000,0.000000,4.712389
0.010000,20.059700,10.678966,31.184173,4.000000,0.000000,0.000000,4.712389
0.010000,20.059700,10.638966,31.224173,4.000000,-0.000000,-0.000000,4.712389
0.010000,20.059700,10.598966,31.264173,4.000000,0.000000,0.000000,4.712389
0.010000,20.059700,10.558966,31.304173,4.000000,0.000000,0.000000,4.712389
0.010000,20.059700,10.518966,31.344173,4.000000,0.000000,0.000000,4.712389
0.010000,20.059700,10.478966,31.384173,4.000000,-0.000000,-0.000000,4.712389
0.010000,20.059700,10.438966,31.424173,4.000000,0.000000,0.000000,4.712389
0.010000,20.059700,10.398966,31.464173,4.000000,0.000000,0.000000,4.712389
0.010000,20.059700,10.358966,31.504173,4.000000,-0.000000,-0.000000,4.712389
0.010000,20.059700,10.318966,31.544173,4.000000,0.000000,0.000000,4.712389
0.010000,20.059700,10.278966,31.584173,4.000000,0.000000,-0.000000,4.712389
0.010000,20.059700,10.238966,31.624173,4.000000,-0.000000,-0.000000,4.712389
0.010000,20.059700,10.198966,31.664173,4.000000,0.000000,0.000000,4.712389
0.010000,20.059700,10.158966,31.704173,4.000000,0.000000,0.000000,4.712389
0.010000,20.059700,10.118966,31.744173,4.000000,-0.000000,-0.000000,4.712389
0.010000,20.059700,10.078966,31.784173,4.000000,0.000000,0.000000,4.712389
0.010000,20.059700,10.038966,31.824173,4.000000,0.000000,-0.000000,4.712389
0.010000,20.059700,9.998966,31.864173,4.000000,-0.000000,-0.000000,4.712389
0.010000,20.059700,9.958966,31.904173,4.000000,0.000000,0.000000,4.712389
0.010000,20.059700,9.918966,31.944173,4.000000,-0.000000,-0.000000,4.712389
0.010000,20.059700,9.878966,31.984173,4.000000,0.000000,0.000000,4.712389
0.010000,20.059700,9.838966,32.024173,4.000000,-0.000000,-0.000000,4.712389
0.010000,20.059700,9.798966,32.064173,4.000000,0.000000,0.000000,4.712389
0.010000,20.059700,9.758966,32.104173,4.000000,0.000000,0.000000,4.712389
0.010000,20.059700,9.718966,32.144173,4.000000,-0.000000,-0.000000,4.712389
0.010000,20.059700,9.678966,32.184173,4.000000,0.000000,0.000000,4.712389
0.010000,20.059700,9.638966,32.224173,4.000000,0.000000,0.000000,4.712389
0.010000,20.059700,9.598966,32.264173,4.000000,-0.000000,-0.000000,4.712389
0.010000,20.059700,9.558966,32.304173,4.000000,0.000000,0.000000,4.712389
0.010000,20.059700,9.518966,32.344173,4.000000,0.000000,0.000000,4.712389
0.010000,20.059700,9.478966,32.384173,4.000000,0.000000,0.000000,4.712389
0.010000,20.059700,9.438966,32.424173,4.000000,-0.000000,-0.000000,4.712389
0.010000,20.059700,9.398966,32.464173,4.000000,0.000000,0.000000,4.712389
0.010000,20.059700,9.358966,32.504173,4.000000,0.000000,-0.000000,4.712389
0.010000,20.059700,9.318966,32.544173,4.000000,-0.000000,-0.000000,4.712389
0.010000,20.059700,9.278966,32.584173,4.000000,0.000000,0.000000,4.712389
0.010000,20.059700,9.238966,32.624173,4.000000,0.000000,0.000000,4.712389
0.010000,20.059700,9.198966,32.664173,4.000000,0.000000,-0.000000,4.712389
0.010000,20.059700,9.158966,32.704173,4.000000,-0.000000,-0.000000,4.712389
0.010000,20.059700,9.118966,32.744173,4.000000,0.000000,0.000000,4.712389
0.010000,20.059700,9.078966,32.784173,4.000000,0.000000,-0.000000,4.712389
0.010000,20.059700,9.038966,32.824173,4.000000,-0.000000,-0.000000,4.712389
0.010000,20.059700,8.998966,32.864173,4.000000,0.000000,0.000000,4.712389
0.010000,20.059700,8.958966,32.904173,4.000000,0.000000,0.000000,4.712389
0.010000,20.059700,8.918966,32.944173,4.000000,-0.000000,-0.000000,4.712389
0.010000,20.059700,8.878966,32.984173,4.000000,0.000000,0.000000,4.712389
0.010000,20.059700,8.838966,33.024173,4.000000,0.000000,0.000000,4.712389
0.010000,20.059700,8.798966,33.064173,4.000000,-0.000000,-0.000000,4.712389
0.010000,20.059700,8.758966,33.104173,4.000000,0.000000,0.000000,4.712389
0.010000,20.059700,8.718966,33.144173,4.000000,0.000000,0.000000,4.712389
0.010000,20.059700,8.678966,33.184173,4.000000,-0.000000,-0.000000,4.712389
0.010000,20.059700,8.638966,33.224173,4.000000,0.000000,0.000000,4.712389
0.010000,20.059700,8.598966,33.264173,4.000000,0.000000,0.000000,4.712389
0.010000,20.059700,8.558966,33.304173,4.000000,-0.000000,-0.000000,4.712389
0.010000,20.059700,8.518966,33.344173,4.000000,0.000000,0.000000,4.712389
0.010000,20.059700,8.478966,33.384173,4.000000,0.000000,0.000000,4.712389
0.010000,20.059700,8.438966,33.424173,4.000000,0.000000,-0.000000,4.712389
0.010000,20.059700,8.398966,33.464173,4.000000,-0.000000,-0.000000,4.712389
0.010000,20.059700,8.358966,33.504173,4.000000,0.000000,0.000000,4.712389
0.010000,20.059700,8.318966,33.544173,4.000000,0.000000,0.000000,4.712389
0.010000,20.059700,8.278966,33.584173,4.000000,-0.000000,-0.000000,4.712389
0.010000,20.059700,8.238966,33.624173,4.000000,0.000000,0.000000,4.712389
0.010000,20.059700,8.198966,33.664173,4.000000,0.000000,-0.000000,4.712389
0.010000,20.059700,8.158966,33.704173,4.000000,0.000000,0.000000,4.712389
0.010000,20.059700,8.118966,33.744173,4.000000,-0.000000,-0.000000,4.712389
0.010000,20.059700,8.078966,33.784173,4.000000,-0.000000,0.000000,4.712389
0.010000,20.059700,8.038966,33.824173,4.000000,0.000000,0.000000,4.712389
0.010000,20.059700,7.998966,33.864173,4.000000,0.000000,0.000000,4.712389
0.010000,20.059700,7.958966,33.904173,4.000000,-0.000000,-0.000000,4.712389
0.010000,20.059700,7.918966,33.944173,4.000000,0.000000,0.000000,4.712389
0.010000,20.059700,7.878966,33.984173,4.000000,0.000000,-0.000000,4.712389
0.010000,20.059700,7.838966,34.024173,4.000000,-0.000000,-0.000000,4.712389
0.010000,20.059700,7.798966,34.064173,4.000000,0.000000,0.000000,4.712389
0.010000,20.059700,7.758966,34.104173,4.000000,0.000000,0.000000,4.712389
0.010000,20.059700,7.718966,34.144173,4.000000,0.000000,-0.000000,4.712389
0.010000,20.059700,7.678966,34.184173,4.000000,-0.000000,-0.000000,4.712389
0.010000,20.059700,7.638966,34.224173,4.000000,0.000000,0.000000,4.712389
0.010000,20.059700,7.598966,34.264173,4.000000,0.000000,0.000000,4.712389
0.010000,20.059700,7.558966,34.304173,4.000000,0.000000,-0.000000,4.712389
0.010000,20.059700,7.518966,34.344173,4.000000,-0.000000,-0.000000,4.712389
0.010000,20.059700,7.478966,34.384173,4.000000,0.000000,0.000000,4.712389
0.010000,20.059700,7.438966,34.424173,4.000000,-0.000000,-0.000000,4.712389
0.010000,20.059700,7.398966,34.464173,4.000000,0.000000,0.000000,4.712389
0.010000,20.059700,7.358966,34.504173,4.000000,0.000000,0.000000,4.712389
0.010000,20.059700,7.318966,34.544173,4.000000,-0.000000,-0.000000,4.712389
0.010000,20.059700,7.278966,34.584173,4.000000,0.000000,0.000000,4.712389
0.010000,20.059700,7.238966,34.624173,4.000000,-0.000000,-0.000000,4.712389
0.010000,20.059700,7.198966,34.664173,4.000000,0.000000,0.000000,4.712389
0.010000,20.059700,7.158966,34.704173,4.000000,-0.000000,-0.000000,4.712389
0.010000,20.059700,7.118966,34.744173,4.000000,0.000000,0.000000,4.712389
0.010000,20.059700,7.078966,34.784173,4.000000,0.000000,0.000000,4.712389
0.010000,20.059700,7.038966,34.824173,4.000000,-0.000000,-0.000000,4.712389
0.010000,20.059700,6.999065,34.864074,3.990088,-0.991210,-99.120956,4.712442
0.010000,20.059740,6.961155,34.901985,3.791093,-19.899444,-1890.823488,4.714413
0.010000,20.059851,6.922926,34.940213,3.822892,3.179817,2307.926174,4.716084
0.010000,20.060021,6.884383,34.978757,3.854340,3.144844,-3.497361,4.717459
0.010000,20.060240,6.845528,35.017612,3.885502,3.116151,-2.869303,4.718539
0.010000,20.060497,6.806365,35.056776,3.916438,3.093641,-2.250934,4.719328
0.010000,20.060782,6.766894,35.096248,3.947210,3.077239,-1.640270,4.719826
0.010000,20.061082,6.727116,35.136027,3.977879,3.066887,-1.035204,4.720035
0.010000,20.061388,6.687032,35.176112,4.008505,3.062550,-0.433686,4.719954
0.010000,20.061687,6.646642,35.216504,4.039147,3.064213,0.166336,4.719585
0.010000,20.061968,6.605944,35.257202,4.069866,3.071882,0.766926,4.718926
0.010000,20.062217,6.564938,35.298210,4.100722,3.085584,1.370157,4.717975
0.010000,20.062423,6.523620,35.339527,4.131775,3.105365,1.978066,4.716732
0.010000,20.062573,6.481990,35.381158,4.163088,3.131292,2.592737,4.715193
0.010000,20.062653,6.440043,35.423105,4.194723,3.163454,3.216210,4.713355
0.010000,20.062650,6.397775,35.465373,4.226742,3.201959,3.850546,4.711216
0.010000,20.062549,6.355183,35.507965,4.259212,3.246937,4.497761,4.708769
0.010000,20.062335,6.312262,35.550887,4.292197,3.298536,5.159937,4.706012
0.010000,20.061994,6.269006,35.594145,4.325766,3.356926,5.838973,4.702938
0.010000,20.061509,6.225408,35.637744,4.359989,3.422295,6.536908,4.699541
0.010000,20.060864,6.181464,35.681694,4.394938,3.494851,7.255550,4.695814
0.010000,20.060040,6.137165,35.726001,4.430686,3.574819,7.996777,4.691750
0.010000,20.059021,6.092503,35.770674,4.467310,3.662440,8.762183,4.687340
0.010000,20.057787,6.047471,35.815723,4.504890,3.757974,9.553375,4.682575
0.010000,20.056317,6.002060,35.861158,4.543507,3.861689,10.371491,4.677446
0.010000,20.054591,5.956260,35.906990,4.583246,3.973867,11.217799,4.671942
0.010000,20.052587,5.910061,35.953232,4.624194,4.094794,12.092690,4.666052
0.010000,20.050280,5.863454,35.999897,4.666441,4.224759,12.996532,4.659763
0.010000,20.047646,5.816427,36.046997,4.710082,4.364049,13.928991,4.653062
0.010000,20.044659,5.768969,36.094549,4.755211,4.512937,14.888749,4.645935
0.010000,20.041291,5.721068,36.142569,4.801928,4.671677,15.874037,4.638368
0.010000,20.037511,5.672712,36.191072,4.850333,4.840494,16.881666,4.630343
0.010000,20.033289,5.623889,36.240077,4.900528,5.019566,17.907218,4.621845
0.010000,20.028591,5.574586,36.289604,4.952618,5.209011,18.944548,4.612856
0.010000,20.023381,5.524791,36.339671,5.006707,5.408869,19.985791,4.603356
0.010000,20.017621,5.474490,36.390300,5.062898,5.619072,21.020236,4.593325
0.010000,20.011271,5.423673,36.441513,5.121292,5.839421,22.034936,4.582744
0.010000,20.004287,5.372326,36.493332,5.181988,6.069553,23.013165,4.571590
0.010000,19.996623,5.320438,36.545783,5.245077,6.308900,23.934756,4.559840
0.010000,19.988231,5.267999,36.598890,5.310643,6.556645,24.774457,4.547472
0.010000,19.979058,5.214999,36.652677,5.378760,6.811672,25.502695,4.534460
0.010000,19.969048,5.161431,36.707172,5.449485,7.072506,26.083452,4.520782
0.010000,19.958144,5.107290,36.762401,5.522857,7.337255,26.474845,4.506411
0.010000,19.946282,5.052572,36.818390,5.598893,7.603532,26.627761,4.491322
0.010000,19.933397,4.997278,36.875165,5.677577,7.868390,26.485774,4.475491
0.010000,19.919420,4.941411,36.932754,5.758859,8.128245,25.985459,4.458892
0.010000,19.904278,4.884981,36.991180,5.842647,8.378801,25.055616,4.441503
0.010000,19.887897,4.828001,37.050468,5.928797,8.614989,23.618841,4.423301
0.010000,19.870198,4.770491,37.110639,6.017106,8.830917,21.592770,4.404266
0.010000,19.851102,4.712481,37.171712,6.107305,9.019840,18.892303,4.384379
0.010000,19.830526,4.654005,37.233703,6.199046,9.174170,15.433039,4.363626
0.010000,19.808389,4.595109,37.296622,6.291902,9.285530,11.135921,4.341997
0.010000,19.784609,4.535848,37.360475,6.385350,9.344865,5.933524,4.319486
0.010000,19.759108,4.476290,37.425263,6.478776,9.342634,-0.223026,4.296094
0.010000,19.731810,4.416514,37.490978,6.571467,9.269082,-7.355219,4.271826
0.010000,19.702645,4.356610,37.557604,6.662613,9.114607,-15.447495,4.246698
0.010000,19.671551,4.296684,37.625117,6.751316,8.870215,-24.439186,4.220733
0.010000,19.638475,4.236851,37.693483,6.836596,8.528074,-34.214117,4.193963
0.010000,19.603376,4.177243,37.762657,6.917417,8.082108,-44.596659,4.166431
0.010000,19.566229,4.117999,37.832584,6.992704,7.528636,-55.347222,4.138188
0.010000,19.527023,4.059269,37.903198,7.061373,6.866969,-66.166604,4.109296
0.010000,19.485768,4.001210,37.974422,7.122373,6.099931,-76.703820,4.079829
0.010000,19.442489,3.943986,38.046169,7.174715,5.234206,-86.572486,4.049868
0.010000,19.397236,3.887760,38.118344,7.217520,4.280478,-95.372884,4.019503
0.010000,19.350076,3.832694,38.190845,7.250052,3.253286,-102.719132,3.988831
0.010000,19.301097,3.778945,38.263562,7.271758,2.170594,-108.269218,3.957953
0.010000,19.250407,3.726660,38.336385,7.282289,1.053066,-111.752769,3.926977
0.010000,19.198127,3.675976,38.409200,7.281520,-0.076901,-112.996764,3.896008
0.010000,19.144394,3.627014,38.481896,7.269557,-1.196299,-111.939738,3.865151
0.010000,19.089353,3.579874,38.554363,7.246730,-2.282683,-108.638447,3.834510
0.010000,19.033160,3.534643,38.626499,7.213577,-3.315311,-103.262805,3.804182
0.010000,18.975971,3.491383,38.698207,7.170816,-4.276096,-96.078492,3.774258
0.010000,18.917942,3.450138,38.769400,7.119313,-5.150342,-87.424638,3.744820
0.010000,18.859229,3.410931,38.840001,7.060041,-5.927178,-77.683589,3.715941
0.010000,18.799979,3.373769,38.909941,6.994044,-6.599716,-67.253757,3.687685
0.010000,18.740331,3.338638,38.979165,6.922395,-7.164903,-56.518669,3.660106
0.010000,18.680417,3.305513,39.047627,6.846163,-7.623199,-45.829602,3.633245
0.010000,18.620355,3.274354,39.115291,6.766382,-7.978046,-35.484765,3.607138
0.010000,18.560251,3.245110,39.182131,6.684029,-8.235291,-25.724512,3.581808
0.010000,18.500202,3.217722,39.248131,6.600004,-8.402550,-16.725829,3.557272
0.010000,18.440290,3.192125,39.313282,6.515118,-8.488603,-8.605358,3.533536
0.010000,18.380586,3.168248,39.377583,6.430089,-8.502872,-1.426833,3.510603
0.010000,18.321152,3.146019,39.441038,6.345540,-8.454942,4.792979,3.488467
0.010000,18.262037,3.125363,39.503658,6.261998,-8.354214,10.072799,3.467121
0.010000,18.203282,3.106205,39.565457,6.179901,-8.209609,14.460493,3.446549
0.010000,18.144921,3.088470,39.626453,6.099607,-8.029410,18.019848,3.426735
0.010000,18.086979,3.072087,39.686667,6.021396,-7.821119,20.829099,3.407659
0.010000,18.029475,3.056983,39.746122,5.945482,-7.591410,22.970961,3.389299
0.010000,17.972421,3.043092,39.804842,5.872021,-7.346129,24.528075,3.371633
0.010000,17.915827,3.030347,39.862854,5.801118,-7.090305,25.582421,3.354636
0.010000,17.859697,3.018686,39.920182,5.732836,-6.828203,26.210143,3.338283
0.010000,17.804032,3.008051,39.976854,5.667202,-6.563392,26.481118,3.322549
0.010000,17.748830,2.998384,40.032896,5.604214,-6.298812,26.458006,3.307411
0.010000,17.694087,2.989634,40.088335,5.543845,-6.036831,26.198166,3.292841
0.010000,17.639796,2.981751,40.143195,5.486052,-5.779353,25.747707,3.278818
0.010000,17.585949,2.974687,40.197503,5.430773,-5.527839,25.151476,3.265316
0.010000,17.532539,2.968398,40.251282,5.377939,-5.283416,24.442284,3.252312
0.010000,17.479554,2.962845,40.304557,5.327470,-5.046895,23.652108,3.239785
0.010000,17.426985,2.957988,40.357350,5.279282,-4.818849,22.804533,3.227713
0.010000,17.374821,2.953792,40.409683,5.233286,-4.599630,21.921938,3.216074
0.010000,17.323050,2.950222,40.461576,5.189391,-4.389448,21.018216,3.204850
0.010000,17.271661,2.947248,40.513052,5.147508,-4.188346,20.110156,3.194021
0.010000,17.220642,2.944839,40.564127,5.107545,-3.996292,19.205409,3.183570
0.010000,17.169983,2.942968,40.614821,5.069413,-3.813143,18.314924,3.173478
0.010000,17.119671,2.941610,40.665151,5.033026,-3.638710,17.443310,3.163729
0.010000,17.069695,2.940740,40.715134,4.998299,-3.472745,16.596528,3.154308
0.010000,17.020045,2.940336,40.764786,4.965149,-3.314974,15.777056,3.145201
0.010000,16.969917,2.940390,40.814914,5.012822,4.767254,808.222791,3.135605
0.010000,16.918968,2.940957,40.865867,5.095266,8.244416,347.716211,3.125269
0.010000,16.867688,2.942067,40.917158,5.129151,3.388490,-485.592552,3.114614
0.010000,16.816071,2.943742,40.968802,5.164414,3.526374,13.788359,3.103625
0.010000,16.764110,2.946010,41.020813,5.201108,3.669373,14.299943,3.092290
0.010000,16.711796,2.948897,41.073206,5.239282,3.817417,14.804363,3.080596
0.010000,16.659125,2.952431,41.125996,5.278986,3.970367,15.294971,3.068526
0.010000,16.606089,2.956644,41.179199,5.320266,4.128010,15.764278,3.056067
0.010000,16.552684,2.961568,41.232830,5.363166,4.290041,16.203162,3.043203
0.010000,16.498905,2.967236,41.286908,5.407727,4.456052,16.601033,3.029918
0.010000,16.444748,2.973684,41.341448,5.453982,4.625500,16.944799,3.016197
0.010000,16.390210,2.980950,41.396467,5.501959,4.797707,17.220728,3.002023
0.010000,16.335309,2.989072,41.451966,5.549878,4.791951,-0.575590,2.987385
0.010000,16.280104,2.998079,41.507901,5.593481,4.360221,-43.172991,2.972283
0.010000,16.224683,3.007995,41.564202,5.630120,3.663897,-69.632384,2.956726
0.010000,16.169137,3.018841,41.620796,5.659432,2.931232,-73.266520,2.940727
0.010000,16.113564,3.030631,41.677606,5.681016,2.158398,-77.283350,2.924303
0.010000,16.058045,3.043377,41.734570,5.696321,1.530467,-62.793186,2.907469
0.010000,16.002625,3.057099,41.791663,5.709360,1.303948,-22.651874,2.890230
0.010000,15.947326,3.071819,41.848887,5.722417,1.305650,0.170189,2.872586
0.010000,15.892175,3.087558,41.906241,5.735324,1.290770,-1.487949,2.854539
0.010000,15.837200,3.104338,41.963720,5.747901,1.257650,-3.312047,2.836091
0.010000,15.782433,3.122178,42.021319,5.759948,1.204675,-5.297478,2.817247
0.010000,15.727908,3.141094,42.079032,5.771251,1.130295,-7.438003,2.798016
0.010000,15.673665,3.161101,42.136847,5.781581,1.033080,-9.721526,2.778405
0.010000,15.619742,3.182211,42.194754,5.790699,0.911767,-12.131230,2.758427
0.010000,15.566186,3.204433,42.252738,5.798352,0.765311,-14.645642,2.738094
0.010000,15.513042,3.227771,42.310781,5.804281,0.592939,-17.237242,2.717424
0.010000,15.460360,3.252229,42.368863,5.808223,0.394200,-19.873817,2.696435
0.010000,15.408192,3.277802,42.426962,5.809914,0.169025,-22.517562,2.675148
0.010000,15.356591,3.304483,42.485053,5.809091,-0.082244,-25.126895,2.653587
0.010000,15.305612,3.332259,42.543108,5.805503,-0.358807,-27.656253,2.631779
0.010000,15.255311,3.361114,42.601097,5.798909,-0.659389,-30.058192,2.609751
0.010000,15.205745,3.391023,42.658988,5.789087,-0.982230,-32.284123,2.587533
0.010000,15.156970,3.421959,42.716746,5.775836,-1.325091,-34.286067,2.565160
0.010000,15.109042,3.453888,42.774336,5.758983,-1.685281,-36.019048,2.542663
0.010000,15.062014,3.486771,42.831720,5.738386,-2.059702,-37.442049,2.520079
0.010000,15.015939,3.520564,42.888859,5.713937,-2.444904,-38.520294,2.497445
0.010000,14.970866,3.555219,42.945715,5.685566,-2.837168,-39.226379,2.474796
0.010000,14.926840,3.590683,43.002247,5.653240,-3.232590,-39.542201,2.452171
0.010000,14.883905,3.626898,43.058417,5.616968,-3.627181,-39.459065,2.429606
0.010000,14.842096,3.663806,43.114185,5.576798,-4.016965,-38.978419,2.407139
0.010000,14.801449,3.701342,43.169513,5.532817,-4.398086,-38.112088,2.384805
0.010000,14.761989,3.739442,43.224365,5.485148,-4.766897,-36.881143,2.362639
0.010000,14.723740,3.778039,43.278704,5.433948,-5.120052,-35.315461,2.340675
0.010000,14.686719,3.817068,43.332498,5.379402,-5.454572,-33.452015,2.318944
0.010000,14.650937,3.856460,43.385716,5.321723,-5.767907,-31.333466,2.297475
0.010000,14.616401,3.896149,43.438327,5.261143,-6.057970,-29.006341,2.276296
0.010000,14.583112,3.936070,43.490306,5.197912,-6.323162,-26.519154,2.255433
0.010000,14.551065,3.976158,43.541629,5.132288,-6.562369,-23.920771,2.234907
0.010000,14.520254,4.016353,43.592274,5.064538,-6.774956,-21.258642,2.214739
0.010000,14.490664,4.056594,43.642224,4.994931,-6.960732,-18.577619,2.194946
0.010000,14.462278,4.096826,43.691461,4.923732,-7.119920,-15.918745,2.175543
0.010000,14.435077,4.136994,43.739973,4.851201,-7.253102,-13.318242,2.156543
0.010000,14.409037,4.177050,43.787749,4.777589,-7.361177,-10.807465,2.137956
0.010000,14.384132,4.216946,43.834780,4.703136,-7.445299,-8.412203,2.119790
0.010000,14.360333,4.256638,43.881061,4.628068,-7.506826,-6.152784,2.102051
0.010000,14.337610,4.296088,43.926587,4.552595,-7.547272,-4.044554,2.084742
0.010000,14.315931,4.335258,43.971356,4.476913,-7.568247,-2.097536,2.067866
0.010000,14.295263,4.374115,44.015368,4.401198,-7.571427,-0.317922,2.051422
0.010000,14.275572,4.412630,44.058624,4.325613,-7.558503,1.292386,2.035410
0.010000,14.256825,4.450775,44.101127,4.250302,-7.531158,2.734497,2.019828
0.010000,14.238986,4.488526,44.142881,4.175392,-7.491029,4.012843,2.004670
0.010000,14.222021,4.525863,44.183891,4.100995,-7.439700,5.132917,1.989933
0.010000,14.205896,4.562765,44.224163,4.027208,-7.378668,6.103208,1.975610
0.010000,14.190576,4.599218,44.263704,3.954114,-7.309345,6.932304,1.961696
0.010000,14.176029,4.635207,44.302522,3.881784,-7.233043,7.630174,1.948183
0.010000,14.162221,4.670720,44.340625,3.810274,-7.150970,8.207302,1.935062
0.010000,14.149122,4.705747,44.378021,3.739632,-7.064233,8.673728,1.922327
0.010000,14.136699,4.740279,44.414720,3.669894,-6.973832,9.040114,1.909968
0.010000,14.124922,4.774310,44.450731,3.601087,-6.880668,9.316409,1.897976
0.010000,14.113762,4.807834,44.486063,3.533232,-6.785544,9.512347,1.886344
0.010000,14.103191,4.840846,44.520727,3.466340,-6.689175,9.636912,1.875060
0.010000,14.093182,4.873344,44.554731,3.400418,-6.592183,9.699190,1.864118
0.010000,14.083708,4.905325,44.588086,3.335467,-6.495120,9.706371,1.853506
0.010000,14.074744,4.936787,44.620800,3.271482,-6.398454,9.666578,1.843217
0.010000,14.066265,4.967731,44.652885,3.208456,-6.302593,9.586067,1.833240
0.010000,14.058250,4.998157,44.684349,3.146377,-6.207883,9.470964,1.823568
0.010000,14.050674,5.028065,44.715201,3.085231,-6.114615,9.326841,1.814191
0.010000,14.043518,5.057456,44.745451,3.025001,-6.023030,9.158482,1.805101
0.010000,14.036760,5.086333,44.775108,2.965668,-5.933325,8.970522,1.796289
0.010000,14.030381,5.114696,44.804180,2.907211,-5.845661,8.766354,1.787747
0.010000,14.024363,5.142550,44.832676,2.849610,-5.760163,8.549822,1.779467
0.010000,14.018687,5.169895,44.860604,2.792840,-5.676926,8.323767,1.771441
0.010000,14.013337,5.196736,44.887973,2.736880,-5.596019,8.090703,1.763661
0.010000,14.008296,5.223075,44.914790,2.681705,-5.517489,7.852985,1.756121
0.010000,14.003550,5.248916,44.941063,2.627292,-5.441365,7.612388,1.748812
0.010000,13.999082,5.274261,44.966799,2.573615,-5.367656,7.370902,1.741728
0.010000,13.994880,5.299115,44.992006,2.520651,-5.296360,7.129609,1.734862
0.010000,13.990930,5.323480,45.016689,2.468377,-5.227462,6.889793,1.728207
0.010000,13.987218,5.347361,45.040857,2.416767,-5.160936,6.652630,1.721758
0.010000,13.983734,5.370761,45.064515,2.365800,-5.096748,6.418768,1.715509
0.010000,13.980464,5.393684,45.087670,2.315451,-5.034859,6.188864,1.709452
0.010000,13.977398,5.416133,45.110327,2.265699,-4.975224,5.963478,1.703584
0.010000,13.974526,5.438111,45.132492,2.216521,-4.917791,5.743377,1.697898
0.010000,13.971838,5.459622,45.154171,2.167896,-4.862509,5.528139,1.692389
0.010000,13.969323,5.480671,45.175369,2.119803,-4.809320,5.318971,1.687052
0.010000,13.966972,5.501259,45.196091,2.072221,-4.758168,5.115182,1.681882
0.010000,13.964778,5.521391,45.216342,2.025131,-4.708993,4.917524,1.676875
0.010000,13.962731,5.541070,45.236128,1.978514,-4.661736,4.725630,1.672027
0.010000,13.960823,5.560299,45.255451,1.932351,-4.616340,4.539640,1.667332
0.010000,13.959048,5.579082,45.274317,1.886623,-4.572742,4.359803,1.662787
0.010000,13.957396,5.597421,45.292730,1.841314,-4.530888,4.185400,1.658388
0.010000,13.955863,5.615319,45.310694,1.796407,-4.490714,4.017334,1.654132
0.010000,13.954441,5.632780,45.328213,1.751885,-4.452171,3.854303,1.650013
0.010000,13.953123,5.649807,45.345291,1.707733,-4.415197,3.697441,1.646030
0.010000,13.951905,5.666401,45.361930,1.663936,-4.379742,3.545460,1.642178
0.010000,13.950779,5.682567,45.378135,1.620478,-4.345752,3.399021,1.638454
0.010000,13.949741,5.698306,45.393908,1.577347,-4.313176,3.257640,1.634856
0.010000,13.948785,5.713622,45.409254,1.534527,-4.281964,3.121161,1.631381
0.010000,13.947907,5.728516,45.424174,1.492006,-4.252070,2.989441,1.628024
0.010000,13.947101,5.742991,45.438671,1.449772,-4.223444,2.862549,1.624785
0.010000,13.946364,5.757050,45.452749,1.407811,-4.196048,2.739611,1.621660
0.010000,13.945690,5.770695,45.466411,1.366113,-4.169833,2.621485,1.618647
0.010000,13.945075,5.783927,45.479657,1.324665,-4.144762,2.507102,1.615743
0.010000,13.944517,5.796749,45.492492,1.283458,-4.120795,2.396744,1.612946
0.010000,13.944010,5.809164,45.504917,1.242479,-4.097892,2.290245,1.610255
0.010000,13.943551,5.821172,45.516934,1.201718,-4.076021,2.187094,1.607666
0.010000,13.943138,5.832777,45.528545,1.161167,-4.055143,2.087803,1.605178
0.010000,13.942766,5.843979,45.539754,1.120815,-4.035230,1.991308,1.602790
0.010000,13.942432,5.854780,45.550560,1.080652,-4.016248,1.898279,1.600498
0.010000,13.942135,5.865182,45.560967,1.040671,-3.998166,1.808177,1.598303
0.010000,13.941870,5.875188,45.570975,1.000861,-3.980957,1.720847,1.596201
0.010000,13.941636,5.884797,45.580588,0.961215,-3.964596,1.636086,1.594192
0.010000,13.941429,5.894012,45.589805,0.921724,-3.949053,1.554351,1.592273
0.010000,13.941247,5.902834,45.598629,0.882381,-3.934309,1.474414,1.590445
0.010000,13.941089,5.911264,45.607060,0.843178,-3.920336,1.397277,1.588704
0.010000,13.940952,5.919304,45.615101,0.804107,-3.907115,1.322099,1.587051
0.010000,13.940833,5.926955,45.622753,0.765161,-3.894626,1.248950,1.585483
0.010000,13.940732,5.934217,45.630016,0.726332,-3.882847,1.177824,1.584000
0.010000,13.940646,5.941093,45.636893,0.687614,-3.871763,1.108427,1.582601
0.010000,13.940574,5.947582,45.643383,0.649001,-3.861354,1.040855,1.581285
0.010000,13.940514,5.953687,45.649487,0.610485,-3.851608,0.974663,1.580050
0.010000,13.940464,5.959407,45.655208,0.572060,-3.842505,0.910242,1.578896
0.010000,13.940424,5.964744,45.660545,0.533719,-3.834034,0.847101,1.577822
0.010000,13.940391,5.969699,45.665500,0.495458,-3.826183,0.785097,1.576828
0.010000,13.940366,5.974271,45.670072,0.457268,-3.818938,0.724564,1.575912
0.010000,13.940346,5.978463,45.674264,0.419145,-3.812290,0.664776,1.575074
0.010000,13.940331,5.982274,45.678075,0.381083,-3.806227,0.606307,1.574314
0.010000,13.940320,5.985704,45.681505,0.343076,-3.800739,0.548792,1.573631
0.010000,13.940313,5.988756,45.684557,0.305117,-3.795822,0.491747,1.573025
0.010000,13.940307,5.991428,45.687229,0.267203,-3.791464,0.435732,1.572494
0.010000,13.940304,5.993721,45.689522,0.229326,-3.787661,0.380339,1.572039
0.010000,13.940302,5.995636,45.691437,0.191482,-3.784408,0.325323,1.571660
0.010000,13.940301,5.997172,45.692973,0.153665,-3.781696,0.271142,1.571356
0.010000,13.940300,5.998331,45.694132,0.115870,-3.779526,0.217013,1.571126
0.010000,13.940300,5.999128,45.694929,0.079723,-3.614687,16.483917,1.570969
0.010000,13.940300,5.999618,45.695419,0.048995,-3.072807,54.188020,1.570872
0.010000,13.940300,5.999876,45.695678,0.025824,-2.317051,75.575530,1.570821
0.010000,13.940300,5.999979,45.695780,0.010208,-1.561644,75.540744,1.570801
0.010000,13.940300,6.000000,45.695801,0.002144,-0.806401,75.524265,1.570796
0.010000,13.940300,6.000000,45.695801,0.000000,-0.214403,59.199869,1.570796
